Angelique,Goodwin
Jeni,Shaffer
Donald,Farris
Steven,Rendon
Jenell,Almanza
Almeta,Brookins
Bobbie,Branson
Bertram,Carlisle
Carlton,Leclair
Todd,Slater
Adalberto,Hazel
Seymour,Nelson
Vicente,Dawkins
Rex,Ng
Arlena,Clough
Cory,Clarke
Sofia,Poole
Samuel,Wendt
Virgil,Trowbridge
Elda,Champagne
Robert,Guinn
Humberto,Sauer
Anastasia,Childers
Collene,Kidd
Harris,Beavers
Kathe,John
Ashly,Stanton
Geraldo,Easley
Leigh,Fite
Devon,Knox
Yevette,Mullis
Irena,Dang
Cory,Hayden
Dolores,Begley
Benjamin,Doss
Theron,Farmer
Hilton,Mcgehee
Sixta,Beaudoin
Sade,Shay
Shemika,Beckman
Winfred,Gonzales
Rogelio,Woodall
Damion,Rafferty
Dannie,Catron
Stephan,Titus
Dorian,Sage
Jake,Espinal
Claudio,Heck
Marcel,Trotter
Dillon,Dominguez
Sammy,Dewitt
Sterling,Serna
Ivonne,Manning
Clair,Harwell
Jenni,Goolsby
Tayna,Poston
Vern,Mackenzie
Harrison,Hawk
Preston,Tribble
Aleen,Araujo
Brent,Carrillo
Adalberto,Tate
Rafael,Weeks
Aurea,Pullen
Ramiro,Holguin
Celine,Lumpkin
Bryant,Naylor
Oswaldo,Winchester
Kacy,Crandall
Brock,Hutcherson
Ramiro,Conover
Myron,Marble
Freeman,Kern
Mathew,Whitfield
Alexander,Goad
Renee,Beverly
Tommie,Weller
Michale,Colson
Denisha,Fitch
Napoleon,Kelsey
Tonya,Wilson
Clement,Hidalgo
Charles,Quintero
Chastity,Pineda
Verna,Michaud
Alfred,Beamon
Michal,Maurer
Wenona,Carmichael
Allan,Bernhardt
Nam,Schmidt
Yolande,Piper
Whitney,Shipman
Terence,Ferro
Alberto,Riley
Jacqueline,Burk
Clemente,Gould
Chang,Roden
Marvin,Nickel
Eldora,Tribble
Azzie,Layman
Titus,Latimer
Shantell,Long
Cameron,Irvin
Virgilio,Messer
Eboni,Lujan
Ward,Gauthier
Yasuko,Gandy
Agustin,Eden
Sunny,Mccreary
Janyce,Hollenbeck
Bernardo,Caron
Leon,Keeling
Walker,Foley
Rolando,Bickford
Glenn,Pace
Tandy,Binkley
Irving,Toler
Elin,Mayes
William,Katz
Silvana,Leclair
Kirby,Hendrick
Rubin,Newman
Lee,Roderick
Jesus,Maupin
Riley,Yocum
Nova,Bouchard
Shandra,Layman
Jacquie,Burkett
Nelle,Kenney
Rich,Whitmore
Antoine,Hendrick
Blaine,Judkins
Raymundo,Poirier
Blair,Tapia
Charley,Cabrera
Heath,Hartley
Zack,Singh
Zaida,Odum
Porfirio,Slone
Ryan,Morrell
Luther,Hannan
Deon,Elizondo
Dana,Brinson
Manual,Dupuis
Kenton,Franz
Julian,Bull
Deon,Heath
Angela,Landers
Heidi,Reiter
Gayle,Green
Janey,Swift
Emilio,Courtney
Brinda,Lowell
Alexander,Lange
Frank,Reinhardt
Monty,Pryor
Brinda,Fortune
Benny,Couture
Monty,Vogel
Lester,Coughlin
Shellie,Herring
Kerrie,Chiu
Gerard,Dickens
Parker,Tuck
Riva,Hannan
Steve,Mercier
Fleta,Sutton
Chung,Corbett
Frieda,Forster
Sirena,Fogle
Alisha,Bard
Deedee,Mercado
Cecile,Driver
Roosevelt,Nava
Floyd,Bollinger
Lacey,Jones
Larry,Dial
Joel,Holiday
Camilla,Malloy
Tyron,Lash
Joey,Wren
Hubert,Ferrer
Jason,Yarbrough
Raymond,Homan
Carmen,Cazares
Daisy,Noland
Archie,Caban
Bryan,Labbe
Shae,Dowdell
Bertha,Meador
Rick,Miles
Lon,Carmona
Linnie,Christiansen
Terica,Finney
Jae,Nowlin
Jame,Marchand
Larisa,Baines
Delsie,Rees
Janna,Spooner
Harvey,Novotny
Muriel,Capps
Emelina,Bright
Nida,Christ
Margareta,Knotts
Michelle,Watters
Ferdinand,Kuhn
Muoi,Robertson
Yasuko,Ledford
Christopher,Montez
Scott,Lassiter
Johnathon,Beltran
Scarlett,Valle
Ta,Yarborough
Nathanial,Weldon
Jamel,Schweitzer
Gracia,Roldan
Sheri,Ridley
Heriberto,Spearman
Ellsworth,Rhyne
Waldo,Breen
Isreal,Holliman
Leana,Fowler
Boyd,Osburn
Les,Blocker
Daren,Broadnax
Tyler,Broughton
Russel,Bostic
Johnnie,Janssen
Gaylene,Pearce
Chi,Cho
Erich,Fullerton
Gladis,Harless
Karly,Jacob
Lise,Breen
Bong,Wilmoth
Sherika,Gordon
Geraldo,Curry
Shakita,Hargis
Patrice,Hickson
Marvis,Cisneros
Sherrie,Switzer
Wilhemina,Clay
Rosario,Mcmaster
Ned,Adkins
Mabel,Waite
Lucilla,Perrin
Modesta,Wicker
Kenneth,Jackson
Shara,Livingston
Ethyl,Olivas
Ozie,Barrientos
Apryl,Sparkman
Dorsey,Heilman
Theo,Posey
Tracy,Adkins
Alberto,Herrick
Rick,Bedard
Jake,Dahl
Giuseppina,Buffington
Adolfo,Bruner
Majorie,Loya
Lela,Rudd
Everett,Higgins
Nestor,Dabney
Clarice,Winters
Humberto,Toler
Fredrick,Settle
Amira,Worrell
Tonda,Proctor
Sal,Flynn
Melissa,Crooks
Rocio,Oakes
Margaret,Grover
Mahalia,Sturm
Eliz,Dietz
Irving,Blake
Rich,Mcclendon
Elden,Daniels
Cameron,Michaels
Bert,Stegall
Mittie,Folk
Lupe,Cummings
Darren,Poole
Jamaal,Cummins
Roger,Braxton
Timika,Brice
Lazaro,Royer
Latasha,Blevins
Felton,Nail
Jeff,Helm
Peter,Amos
Alesia,Coward
Enedina,Fair
Wyatt,Mccants
Raleigh,Rainey
Penney,Temple
Homer,Burk
Catrice,Tolbert
Elisha,Zink
Rufus,Hinojosa
Efrain,Kahn
Cliff,Corrigan
Hal,Mccormick
Elena,Yang
Frederick,Carbone
Laurena,Marcus
Everette,Dailey
Londa,Newby
Claudio,Montgomery
Elliot,Templeton
Carissa,Dalton
Ammie,Hudspeth
Manuel,Brim
Denice,Cornejo
Raleigh,Soriano
September,Jorgensen
Harry,Emanuel
Orval,Velasco
Kelle,Brenner
Evelia,Kimmel
Chong,Hackett
Deshawn,Clegg
Estelle,Kingsley
Asa,Mckee
Wanetta,Batson
Dudley,Hammer
Leonel,Romero
Dirk,Rountree
Travis,Lovelace
Ray,Bender
Craig,Morley
Billi,Earls
Loraine,Bowie
Christopher,Mendes
Sanford,Beaudry
Felipa,Neff
Rocky,Collado
Tara,Needham
Elton,Willoughby
Rey,Simons
Blair,Kaufman
Eduardo,Riddick
Shaun,Arias
Lanora,Phifer
Suellen,Denman
Nancey,Bond
Eusebio,Copley
Lan,Boyd
Terry,Eckert
Demetrius,Desjardins
Meaghan,Fortney
Pedro,Terrill
Adam,Cassell
Tomiko,Sands
Joseph,Goss
Roberto,Saylor
Peggy,Dionne
Glynis,Harvey
August,Barrera
Fallon,Maggard
Hildegarde,Anthony
Brenton,Lund
Tomika,Jerome
Colby,Hicks
Len,Arce
Garry,Dejesus
Julius,Williamson
Amber,Heck
Porter,Tharp
Mollie,Boykin
Gregory,Stroud
Edgardo,Tuck
Teressa,Clemons
Zenaida,Cavazos
Stephani,Sowell
Len,Boyles
Kareem,Santos
Raymond,Jernigan
Daryl,Treadwell
Sol,Sams
Thomas,Rhoden
Emmitt,Montague
Jarvis,Holliman
Candida,Connors
Shanita,Tilton
Fredia,Chism
Ivey,Thorp
Patrick,Dominquez
Latrina,Calderon
Rae,Dodge
Aracely,Ashby
Roxana,Medeiros
Bernardina,Beatty
Gaston,Coyle
Annemarie,Fair
Tangela,Speight
Margorie,Pace
Cornelius,Mcvey
Wiley,Phifer
Nettie,Peck
Faustino,Levy
Shiela,Leggett
Rosaria,Caraway
Liz,Harness
Johanne,Pederson
Frank,Mcnabb
Giovanni,Carrion
Stanton,Araujo
Merlin,Kendrick
Mica,Saavedra
Yaeko,Lemay
Scot,Alicea
Zackary,Wingfield
Whitney,Homan
America,Moyer
Roberto,Furr
Alfred,Strother
Daniele,Hodges
Alonzo,Mcknight
Altha,Ashcraft
Rodrigo,Hannan
Maximina,Aiken
Eboni,Rosen
Ellena,Jobe
Gaston,Silvers
Ronny,Regan
Humberto,Toro
Lai,Byrnes
Samatha,Underhill
Gayla,Scoggins
Nelle,Shockley
Emory,Windsor
Dewitt,Burns
Ethan,Marlowe
Lala,Montero
Cathie,Dietz
Olinda,Roby
Jackie,Esposito
Willian,Hogg
Pearly,Stafford
Hugh,Ybarra
Benton,Steed
Willian,Osteen
Stephaine,Harlan
Kortney,Tabor
Roxanne,Mcdaniels
Cyndy,Goldsmith
Judson,Comer
Toccara,Stinnett
Elijah,Tolley
Dusti,Weaver
Bud,Beaulieu
Jewel,Sumpter
Tonette,Mccurry
Maxwell,Hallman
Tamekia,Sheldon
Junita,Race
Kirstie,Mckee
Raymon,Cromwell
Gertha,Temple
Virgilio,Phillip
Lieselotte,Moorman
Oda,Walden
Sammie,Weiner
Kraig,Cazares
Booker,Cotton
Daron,Loving
Ronnie,Boyd
Cruz,Bear
Luella,Underwood
Hedwig,Halsey
Arvilla,Bethea
Mikki,Ulrich
Osvaldo,Courtney
Meta,Beckett
Dedra,Pendergrass
Lynetta,Goldberg
Sharice,Mathias
Hilton,Krause
Leroy,Leach
Joann,Easton
Santiago,Dolan
Rebekah,Bivins
Magen,Craddock
Emmaline,Orton
Evangelina,Collins
Jonah,Nesbitt
Lloyd,Faulkner
Joel,Burleson
Alisia,Couture
Jacinda,Thorp
Barabara,Gabbard
Carmen,Stafford
Lowell,Spicer
Rudolf,Ramirez
Shaunta,Westbrook
Dewayne,Lewis
King,Stjohn
Xuan,Spicer
Marni,Tirado
Lawanda,Jaime
Gilberto,Allison
Yuette,Pollard
Chelsie,Sisco
Aurelio,Lamar
Carl,Delong
Shanna,Volz
Linwood,Oaks
Donny,Lemke
Ninfa,Baron
Harrison,Cavazos
Kelley,Curley
Winnifred,Hoke
Elias,Collette
Alfonso,Alba
Simone,Rea
Woodrow,Mccann
Dario,Spencer
Polly,Armstrong
Lurline,Roby
Charlie,Meehan
Theresa,Dalton
Contessa,Sheppard
Sharen,Halverson
Adele,Mccallum
Ha,Matson
Fletcher,Ashcraft
Nickolas,Lara
Blanche,Chandler
Warren,Coe
Erich,Mancuso
Carisa,Drake
Cruz,Emery
Vanetta,Mabe
Fernanda,Vigil
Darell,Alderman
Elaina,Hinojosa
Jc,Maas
Germaine,Peoples
Chara,Byrd
Emmett,Herrmann
Burl,Slattery
Yi,Tamayo
Carlos,Lindsey
King,English
Emmett,Ordonez
Tessie,Arriola
Clint,Amaral
Lacy,Mcgehee
Forest,Longoria
Jin,Ackerman
Herb,Crouch
Hilary,Martinson
Charita,Weber
Teddy,Witherspoon
Tim,Sallee
Walter,Goldberg
Latrina,Archuleta
Fred,Collazo
Lindsey,Rector
Shandi,Prince
Bryce,Joseph
Guadalupe,Noll
Emogene,Corrigan
Quentin,Roach
Manda,Goldman
Tosha,Shore
Basil,Cornell
Joya,Godfrey
Latrice,Overstreet
Launa,Saucier
Santos,Spruill
Allan,Surratt
Sarai,Hatton
Marlin,Duong
Stevie,Agee
Danial,Spaulding
Sharee,Lemay
Edwin,Stillwell
Christian,Bartels
Bruno,Madsen
Xenia,Peacock
Sadie,Earls
Dee,Laplante
Milo,Dion
Karrie,Conley
Annetta,Martins
Shiloh,Church
Lacy,Camacho
Latricia,Kelly
Olin,Drury
Ines,Speed
Ernest,Bonner
Georgiann,Hensley
Kortney,Michaud
Roselee,Cecil
Ming,Holcomb
Stefania,Couch
Paige,Scanlon
Cynthia,Burchfield
Ollie,Totten
Marc,Shannon
Bart,Angel
Brandon,Vandyke
Arlie,Christy
Deandrea,Barnhill
Palmer,Ogle
Ronny,Sewell
Linwood,Matlock
Sindy,Youngblood
Reyes,Mohr
Rubin,Wilbanks
Kandi,Ziegler
Gerard,Mcneal
Hershel,Lavoie
Jermaine,Tyree
Tom,Dancy
Kaye,Newton
Kizzy,Alves
Malik,Wenger
Ute,Peeler
Reita,Frederick
Lacy,Winchester
Roland,Desimone
Van,Horne
Frieda,Ragsdale
Amparo,Carrillo
Leida,Rosser
Detra,Catron
Kasey,Pleasant
Bobby,Sorenson
Cinthia,Hand
Jenny,Burroughs
Kiana,Ralph
Margart,Cosgrove
Daron,Mcmaster
Weston,Chow
Sook,Devlin
Luanna,Bravo
Randy,Gordon
Lashawnda,Yee
Miss,Hargis
Kristopher,Collette
Shawanna,Gagnon
Aldo,Nguyen
Buck,Noyes
Jacalyn,Briggs
Emilio,Hoyle
Karl,Nunez
Kennith,Dasilva
Billy,Kyle
Shelley,Rojas
Chasity,Guido
Trevor,Jacob
Cathrine,Champagne
Henry,Phipps
Santo,Byrd
Carline,Sharkey
Davida,Pemberton
Valentin,Purvis
Cristobal,Bone
Art,Dubose
Dale,Sipes
Stevie,Parkinson
Andrea,Bueno
Sherrell,Kasper
Angelina,Fredrick
Werner,Griffis
Zula,Romeo
Edwin,Desimone
Serina,Werner
Florentino,Mclain
Jamie,Jansen
Maisie,Lorenzo
Ahmad,Petit
Verlene,Andres
Tarsha,Webster
Darell,Runyon
Oliver,Grimes
Moses,Hutchinson
Julio,Grice
Tristan,Boggs
Jong,Seibert
Jeane,Deyoung
Lon,Sharkey
Domingo,Storm
Jae,Shipman
Sherman,Lawton
Ivelisse,Nealy
Cynthia,Ponce
Norbert,Byars
Jody,Pool
Elly,Banuelos
Anton,Lovett
Leonor,Croteau
Hilton,Hawks
Jenifer,Mulligan
Elvira,New
Cira,Waters
Leandro,Leal
Clifford,Torrez
Brendan,Bock
Shemeka,Chalmers
Marta,Dumont
Muoi,Mcdonough
Mario,Novotny
Lucius,Martin
Bridgette,Sierra
Criselda,Dortch
Marge,Silverman
Nannie,Champion
Grant,Kiefer
Debbra,Bobo
Neil,Bowman
Alba,Begay
Parthenia,Yancey
Jimmy,Bettis
Clark,Deal
Carlene,Mallory
Armand,Beltran
Refugio,Cuellar
Norbert,Wilburn
Jada,Santos
Rick,Arnold
Arden,Willie
Zane,Riddell
Alexia,Churchill
Marcelene,Khan
Delma,Cummins
Maritza,Osburn
Johanna,Murry
Oliver,Troutman
Sima,Pruitt
Deneen,Shultz
Jina,Grice
Gricelda,Pritchard
Jaleesa,Jaime
Stewart,Bartholomew
Marion,Lowman
Benny,Warner
Agustina,Vieira
Eusebio,Verdin
Clinton,Delossantos
Bridget,Redding
Rasheeda,Hulsey
Trevor,Galvan
Elane,Lay
Sheron,Wooden
Zenobia,Tejada
Jeanne,Conti
Ida,Lugo
Melvin,Jensen
Daysi,Baskin
John,Latham
Charity,Soriano
Renay,Healy
Fernanda,Denning
Alta,Westfall
Norberto,Esparza
Shad,Pointer
Krista,Cromer
Ara,Carrillo
Bennett,Lam
Adaline,Byrnes
Morgan,Simons
Wilson,Aaron
Natalya,Laporte
Ileen,Settles
Margherita,Fay
Arron,Guerrero
Jaquelyn,Culbertson
Mario,Allen
Numbers,Brubaker
Andrea,Dugas
Delbert,Boudreau
Lucilla,Healy
Freeman,Mcmaster
Rashad,Schrader
Laurinda,Dang
Alejandro,Scribner
Lisandra,Halsey
Hiram,Pickering
Danyelle,Trout
Herbert,Irby
America,Chang
Scot,Hoyle
Carol,Hardesty
Tera,Aviles
Izola,Lundy
Erasmo,Almeida
Roberto,Deluca
Darron,Hammer
Jann,Tremblay
Lahoma,Lachance
Janetta,Bowlin
Kim,Lorenzo
Annie,Mccracken
Man,Leroy
Zackary,Register
Malissa,Morey
Kayla,Plunkett
Kasey,Spruill
Lyman,Cavanaugh
Ethyl,Mcclellan
Wilbur,Muncy
Edison,Desjardins
Kris,Aguiar
Micah,Murdock
Latonia,Lockhart
Michael,Cupp
Manuel,Grant
Neil,Walters
Jamie,Basham
Marin,Hale
Latrina,Wallin
Gus,Sterling
Eugene,Orr
Dorothea,Welsh
Sheree,Diggs
Laquita,Irving
Will,Nunn
Cristopher,Sands
Young,Mann
Omega,Keeney
Michale,Dozier
Loyd,Loftus
Christoper,Williamson
Jeff,Soliz
Dagmar,Gerald
Randal,Murdock
Rickie,Dale
Frankie,Dorris
Tamekia,Noriega
Garrett,Corbitt
Carleen,Tijerina
Meggan,Maxfield
Teddy,Leblanc
Devin,Garvin
Jamison,Crockett
Sarai,Slagle
Efren,Lehmann
Major,Hetrick
Lavonna,Keys
Caridad,Lam
Gigi,Cloud
Torie,Cheung
Elinor,Mccloud
Janeen,Mccallister
Charlsie,Binkley
Sharie,Sandoval
Antonio,Garcia
Christina,Henley
Carmen,Sheets
Lyn,Shea
Merry,Forte
Siobhan,Barkley
Khadijah,Medlin
Siu,Wyatt
Salvatore,Shell
Carrie,Canady
Clyde,Reilly
Aurelio,Hofmann
Danyell,Deyoung
Noelia,Mcneil
Hugo,Nickerson
Meggan,Mount
Rubi,Segura
Teodora,Cortez
Gary,Stidham
Jonathan,Boothe
Perry,Graf
Velva,Murry
Donte,Nix
Kelley,Whelan
Normand,Creighton
Ulysses,Nagle
Lenny,Gilmer
Carol,Bui
Verona,Kellogg
Linwood,Carbajal
Toni,Muniz
Noelia,Bernhardt
Antony,Fuqua
Darci,Thurman
Tracie,Soriano
Neville,Aguilera
Denny,Mcvay
Krystal,Erwin
Johnie,Kowalski
Sterling,Silvers
Seth,Goldstein
Adele,Henson
Rochell,Fusco
Carlo,Whittaker
Alexis,Fallon
Henrietta,Meza
Clark,Sparrow
Kelsey,Lucas
Ofelia,Wooden
Gaston,Mcgehee
Melvin,Pena
Jessie,Hamilton
Mallie,Ohara
Tanner,Desimone
Valentin,Mccaskill
Booker,Rankin
Earl,Foy
Keneth,Alston
Lillie,Matlock
Ashton,Spring
Oma,Horsley
Concetta,Mickens
Cary,Mcmullen
Bradley,Neuman
Maryam,Vandiver
Emmett,Shaver
Roslyn,Leahy
Melita,Huntley
Isobel,Bruner
Verena,Jung
Tommy,Falls
Renetta,Warner
Alvaro,Butterfield
Evonne,Paredes
Corrine,Westbrook
Xiomara,Belt
Cordell,Meeks
Deirdre,Partin
Gonzalo,Hodgson
Glinda,Guest
Guadalupe,Shepard
Joe,Winn
Ilda,Gagne
Marcos,Haugen
Winnifred,Crook
Raymond,Pridgen
Latrice,Wetzel
Walton,Settles
Chauncey,Sparks
Gavin,Oneal
Ira,Tomlin
Tyree,Delgadillo
Leopoldo,Darden
Abraham,Dunaway
September,Jordan
Tobias,Booth
Sherilyn,Aleman
Francis,Luckett
Glynis,Paul
Lashandra,Callaway
Johnie,Marks
Jon,Wilson
Herlinda,Worden
Cliff,Omalley
Chris,Farrow
Jed,Ligon
Bennett,Nixon
Korey,Painter
Paulita,Sweeney
Lucio,Barber
Jeremy,Vernon
Luz,Sams
Dallas,Copley
Sung,Muncy
Launa,Mayer
Virgilio,Hatch
Ryan,Cleary
Elvia,Albrecht
Reed,Duncan
Nigel,Usher
Quyen,Lau
Gerardo,Upton
Arlette,Broyles
Andrew,Stahl
Deon,Brackett
Wilton,Alicea
Grayce,Grayson
Kirby,Christian
Rosalyn,Marks
Freddy,Matos
Breann,Smart
Eli,Jackson
Almeta,Damron
Dane,Meeks
Katelyn,Matthews
Fairy,Boyce
Latoya,Dunning
Tomas,Weston
Bridget,Vo
Jonathon,Seitz
Corazon,Helms
Daren,Labonte
Willia,Vidal
Kiana,Wyatt
Dwight,Gist
Lesa,Lea
Franklin,Rutter
Hilario,Mattos
Lyndon,Cummins
Kristal,Rousseau
Merri,Foy
Sean,Dumont
Darren,Doolittle
Hugh,Sheldon
Gearldine,Hooper
Emily,Stiltner
Alesha,Storey
Magan,Baez
Ara,Sargent
Marvel,Bunn
Leopoldo,Lorenzo
Kacey,Ojeda
Janell,Mcalister
Julianne,Stratton
Refugia,Greathouse
Ming,Steffen
Quintin,Gerard
Marquis,Yoon
Dominick,Isaacson
Kendra,Hamlin
Thaddeus,Addison
Robbie,Petrie
Mitchel,Mcfarland
Lashell,Kersey
Asha,Looney
Chester,Calkins
Pasty,Mansfield
Marlyn,Nunley
Lewis,Haines
Lang,Christmas
Refugio,Grissom
Ryan,Finch
Leota,Richards
Saran,Osteen
Bebe,Archibald
Alfonso,Barba
Noble,Salcedo
Jonah,Broussard
Mohammad,Reardon
Palmer,Nobles
Kraig,Lindley
Cathryn,Durham
Marvin,Comer
Joel,Mckenzie
Rosalinda,Buffington
Daryl,Stoll
Mitsue,Cornelius
Susan,Couch
Milton,Seale
Jana,Sizemore
Harry,Hong
Elisha,Guzman
Keith,Boynton
Lakeshia,Singletary
Charlette,Osgood
Everette,Gaddy
Jefferson,Epstein
Tod,Binkley
Page,Blaylock
Randy,Orth
Andre,Redd
Al,Mears
Gil,Rayford
Javier,Whitt
Laquanda,Call
Dexter,Banda
Theresa,Folk
Tiffiny,Navarro
Katerine,Martell
Lashanda,Muller
Ocie,Briscoe
Emory,Pulido
Emmanuel,Poulin
Karla,Bottoms
Jesica,Colburn
Lorretta,Wilkes
Dirk,Cruse
Eddy,Flanders
Shonda,Kohl
Randall,Kenney
Adelaide,Quarles
Jack,Cardona
Randy,Puente
Roger,Whitson
Arturo,Wolff
Phillip,Loveless
Muoi,Hoffmann
Raleigh,Creel
Adalberto,Duff
Emanuel,Havens
Nu,Hollingsworth
Lyla,Purcell
Armand,Hernandez
Craig,Weis
Fredric,Avila
Janet,Fellows
Tonette,Donohue
Andra,Dayton
Nilsa,Arriola
Wilber,Yang
Albert,Cheek
Kaila,Donaldson
Daron,Henson
Rhona,Murry
Rodney,Fabian
Buck,Robert
Aubrey,Pulliam
Stephan,Seals
Fabian,Canty
Luisa,Coon
Deane,Collins
Darrell,Varela
Andrew,Tovar
Spring,Bishop
Gisele,Carman
Yong,Bear
Art,Pullen
Romeo,Mendez
Jerrold,Mcgregor
Alida,Scanlon
Amos,Starling
Philip,Morey
Alvin,Ryan
Piper,Naranjo
Azalee,Minton
Clarence,Healy
Elizabeth,Zink
Svetlana,Corley
Tyree,Lu
Jamison,Talbert
Hollie,Buie
Louie,Combs
Troy,Wicker
Bo,Haines
Fredda,Alford
Isabella,Yost
Neida,Woodley
Johnson,Sills
Maud,Dejesus
Russell,Willis
Fred,Sledge
Wayne,Grace
Tommy,Tuck
Russell,Farr
Vern,Mena
Diego,Austin
Marcus,Sabo
Ilana,Plummer
Kelley,Griswold
Chet,Hussey
Cornelius,Gilmore
Brendan,Todd
Janine,Napier
Orval,Shores
Libby,Romano
Luke,Walston
Olin,Dye
Lakeshia,Schubert
Melodie,Francis
Pat,Quintero
Royce,Serna
Eusebia,Skidmore
Laurence,Eaton
Etta,Davidson
Hector,Broome
Kyoko,Fredrickson
Michel,Dugan
Brent,Sweet
Meredith,Mcmullin
Rayford,Hedgepeth
Ray,Jensen
Novella,Strain
Lavonna,Webb
Margot,Hutcherson
Lucio,Stoddard
Jarod,Schuster
Loreta,Wallace
Kristina,Bingham
Nathaniel,Nava
Abby,Chong
Reginald,Walling
Lashaun,Barry
Ollie,Newsome
Jeanice,Phelan
Francisco,Ezell
Vaughn,Boyer
Noemi,Hightower
Antony,Crowley
Manuel,Rosser
Jae,Rasmussen
Jonas,Manley
Britt,Goldman
Lianne,Warner
Bret,Grenier
Alverta,Furr
Laurena,Klein
Nola,Spinks
Kermit,Gallo
Les,Langford
Jay,Abernathy
Lennie,Donohue
Maisie,Levin
Coleman,Gary
Kristopher,Redmond
Billy,Noe
Veola,Bobbitt
Kandi,Carrillo
Augustine,Thorn
Dino,Legg
Dan,Alonso
Dion,Spaulding
Barrett,Reese
Morgan,Schreiber
Brenton,Otoole
Edmund,Gamez
Maxwell,Arriaga
Salvatore,Covey
Archie,Grove
Leif,Seymour
Sydney,Henson
Aleisha,Billups
Newton,Spivey
Herman,Atkinson
Lamar,Cortez
Bong,Driver
Alejandrina,Martens
Donetta,Dayton
Evelyn,Yeager
Ricardo,Damon
Hobert,Weiss
Quiana,Troy
Edythe,Helm
Michael,Lindquist
Khadijah,Billings
Cody,Lundgren
Mahalia,Spencer
Jeffrey,Griffiths
Jasper,Mcclellan
Chandra,Braden
Renata,Best
Will,Hutchings
Maragret,Otoole
Guillermo,Jasso
Erminia,Ahern
Willette,Holcombe
Orpha,Harley
Lindsey,Tennant
Lenard,Whaley
Fritz,Wilbur
Herbert,Mcmahon
Gudrun,Sylvester
Shanika,Zielinski
Duane,Kidd
Jae,Olsen
Mignon,Gatlin
Yon,Dickson
Antony,Weller
Greg,Renfro
Fredric,Creamer
Aline,Galbraith
Ollie,Fuentes
Ernestina,Stjohn
Margy,Truitt
Emilio,Dillon
Ludivina,Burkholder
Frank,Jamison
Graham,Dent
Luther,Roybal
Leroy,Lumpkin
Anika,Jamison
Georgia,Robertson
Raymon,Walston
Quinn,Roderick
Jarod,Lankford
Elijah,Wilde
Tomi,Nation
Dalene,Booth
Sung,Zimmerman
Shoshana,Malcolm
Darin,Armstead
Irvin,Keeling
Eladia,Guest
Adriana,Osburn
Viki,Carrera
Garret,Rincon
Sheldon,Connor
Domingo,West
Peggy,Garrison
Tyler,Merritt
Antonette,Michael
Collette,Carbajal
Reed,Cobbs
Tonya,Trevino
Guillermo,Stacey
Wanetta,Pedersen
Katherina,Palmer
Bulah,Jarrell
Leo,Meadows
Tamesha,Hendon
Kathie,Huff
Dinorah,Gaytan
Rolland,Bishop
Shannon,Bannister
Cheryle,Proctor
Shizuko,Norris
Nakita,Gragg
Sherell,Irving
Tonisha,Akins
David,Fiore
Mark,Laporte
Juliette,Back
Marlon,Salter
Catrina,Smith
Karoline,Outlaw
Quentin,Lash
Lupe,Hunter
Roberto,Felder
Shawn,Wallen
Marylou,Chastain
Armando,Vanhorn
Ronna,Burden
Mark,Ervin
Roxie,Frye
Jeanne,Cooper
Hosea,Courtney
Rene,Nielsen
Elicia,Pitcher
Katerine,Zook
Jeffrey,Hand
Willis,Mccleary
Royal,Armstead
Rupert,Steinberg
Miriam,Kurtz
Noelia,Cortez
Freda,Pope
Serita,Archie
Leon,Bundy
Waldo,Centeno
Edwardo,Sauer
Salvador,Enriquez
Dan,Sisk
Patricia,Alfonso
Santiago,Piazza
Geraldo,Orozco
Dallas,Foy
Sheridan,Ma
Sueann,Pauley
Tenisha,Cruz
Isaias,Wood
Marguerite,Carrasco
Samuel,Ngo
Antonette,Maldonado
Marita,Lind
Stuart,Caraballo
Santos,Mota
Gail,Spurgeon
Kayce,Graham
Kimi,Ruffin
Tommye,Groce
Bryant,Searcy
Dannielle,Abel
Shandra,Coley
Cole,Whitehurst
Kristi,Fanning
Wilton,Morrison
Roxann,Hamer
Alfonso,Stonge
Alan,Gold
Joycelyn,Barrientos
Glady,Baumgardner
Trinidad,Major
Alden,Nesmith
Ariel,Mauldin
Loreta,Southard
Tom,Dingle
Azucena,Yount
Jona,Root
Jenice,Magnuson
Clarita,Selby
Mafalda,Henry
Kevin,Mcginnis
Al,Whitfield
Anthony,Beane
Edmund,Barnard
Bernice,Dodds
Jason,Cooke
Olevia,Pederson
Michiko,Pyle
Dusty,Dabney
Katelyn,Woody
Aurelio,Caban
Derek,Burleson
Sheena,Folsom
Noma,Moreland
Karrie,Jernigan
Margaret,Richmond
Ike,Schmid
Buddy,Hendrickson
Rickie,Lawson
Ira,Winslow
Garth,Switzer
Barrett,Osborn
Arturo,Bottoms
Merle,Hester
Ellis,Villalobos
Jeana,Wampler
Jackeline,Gilman
Wynell,Barksdale
Luann,Hooks
Verlie,Logan
Jayson,Reich
Werner,Knox
Young,Martino
Johnson,Tirado
Beulah,Purvis
Perry,Toliver
Amada,Jackson
Israel,Hoppe
Glenn,Scribner
Drucilla,Keefer
Raphael,Crowell
Emanuel,Neville
Joseph,Caskey
Magdalene,Foster
Wilma,Shaw
Granville,Pak
Alverta,Bevins
Silas,Lanier
Alia,Adcock
Malik,Cruz
Melania,Rose
Emil,Parris
Morton,Townsend
Elanor,Seay
Johnny,Paris
Darren,Stanford
Ethelyn,Simpkins
Jarrett,Eddy
Ethan,Chappell
Laurine,Garza
Amira,Guinn
Reiko,Hale
Aretha,Webber
Bryon,Hillman
Kory,Burnette
Keven,Henke
Dottie,Polanco
Randy,Hopkins
Issac,Gaddis
Nathaniel,Blackmon
Etta,Schuler
Sherlyn,Lindgren
Garry,Moen
Toby,Lima
Anna,Lyles
Lucius,Oliva
Leslie,Osorio
Clifton,Lowry
Twila,Breen
Carita,Mckinley
Kacy,Blackburn
Eugenio,Braswell
Anabel,Hazel
Elana,Good
Enedina,Lima
Roger,Benoit
Maryjane,Grayson
Corrine,Lockhart
Bryce,Hirsch
Torri,Ralph
Suanne,Wyant
Rich,Lucas
Michale,Truitt
Letisha,Cordell
Donnetta,Warden
Demarcus,Thompson
Frankie,Buckner
Voncile,Pickens
Jenette,Goode
Dee,Bergstrom
Idalia,Marr
Hiram,Sisk
Efren,Renteria
Fransisca,Storm
Sherri,Cochrane
Angel,Lo
Celena,Eaton
Buck,Worsham
Rusty,Ponce
Kiesha,Groce
My,Herzog
Alita,Gomez
Josefa,Rhodes
Margert,Hargis
Garret,Lavigne
Mackenzie,Galloway
Karisa,Hyde
Yuriko,Cottle
Dannie,Handley
Mariah,Galloway
Mickey,Cecil
Yuk,Bowers
Ina,Poe
Ricardo,Carson
Lesley,Macmillan
Jamee,Sasser
Belva,Lear
Ellamae,Mallard
Hedwig,Mcduffie
Ruthann,Arsenault
Jackqueline,Vinson
Stan,Sander
Jere,Farley
Ernie,Burrell
Major,Haddad
Kimberely,Tate
Sanda,Caro
Ahmad,Dabney
Mac,Roger
Cherri,Weems
Johnny,Hargrave
Dede,Mock
Nestor,Taylor
Noel,Arreola
Theodora,Gaddy
Peter,Ham
Meghann,Beers
Rene,Macmillan
Delores,Woodworth
Jeanetta,Mclaughlin
Erin,Custer
Collin,Holcomb
Lavonda,Greco
Maryjo,Vasquez
Darron,Mallard
Jessie,Peyton
Tawny,Block
Wanetta,Weiss
Jarvis,Reeve
Laurene,Early
Agnus,Rawlins
Willie,Seifert
Israel,Romero
Daniel,Hartman
Johnathan,Cochran
Milan,Velasco
Arlie,Kay
Randy,Mcgraw
Loyd,Archer
Mae,Lombard
Yan,Mcgregor
Neal,Mcmillan
Kina,Faison
Ed,Siler
Alexis,Mccray
Reed,Hoff
Krysten,Tan
Kacy,Chisholm
Marcos,Gaither
Sarah,Byrne
Renaldo,Vaughn
Lan,Shelby
Jc,Wendt
Louis,Tabor
Roseanna,Reynoso
Florrie,Catron
Bob,Settle
Jody,Dial
Alfredo,Colwell
Mollie,Seaton
Arnulfo,Clemens
Eilene,Coronado
Benton,Nettles
Melanie,Huffman
Sage,Bolin
Sharee,Keane
George,Burnham
Joette,Neel
Jacqualine,Peterman
Krystin,Copley
Dwight,Outlaw
Ted,Minnick
Willian,Speer
Alia,Corbett
Wendie,Burdick
Deandre,Fairchild
Nathalie,Ohara
Thomasina,Steward
Adah,Hofmann
Amina,Valerio
Corine,Rau
Keena,Hite
Delmar,Rossi
Lannie,Herring
Dylan,Conti
Sanora,Krauss
Kelvin,Wiseman
Harriett,Centeno
Callie,Ransom
Victor,Enriquez
Rosalie,Vincent
Debi,Milligan
Carmine,Prentice
Sylvie,Walsh
Yu,Bernard
Devin,Odonnell
Diamond,Zepeda
Teodoro,Shaver
Gertrude,Hancock
Marlon,Presley
Detra,Wills
Richie,Keating
Jackqueline,Hollingsworth
Edwin,Cameron
Austin,Renfro
Kurt,Driver
Miranda,Huber
Darren,Mosby
Kristofer,Houghton
Keneth,Edmonds
Marshall,Martell
Ezra,Bower
Gabriela,Watt
Gerard,Libby
Granville,Whatley
Kina,Southern
Stewart,Logan
Johnie,Willson
Erik,Lowery
Perry,Singer
Piedad,Quigley
Margery,Goddard
Darcy,Hammons
Alysha,Knowlton
Gabriel,Kirkwood
Devin,Lankford
Timmy,Bauer
Lieselotte,Moyer
Abraham,Hanley
Keri,Gabriel
Ned,Calhoun
Alena,Hutcheson
Delila,Bower
Samella,Herrick
Esta,Brandenburg
Rupert,Montoya
Marleen,Coble
Kerry,Richter
Coy,Quinlan
Jenice,Mcelroy
August,Darnell
Cory,Lapointe
Leslie,Dell
Sheena,Pepper
Clinton,Stillman
Faustino,Mchenry
Katherine,Montano
Iliana,Couch
Honey,Burgess
Tierra,Flournoy
Lydia,Forsythe
Clarence,Haggerty
Justa,Scribner
Odelia,Watt
Raphael,Morehead
Cris,Covert
Stefanie,Creel
Wilburn,Becnel
Leia,Luis
Svetlana,Hundley
Tommy,Rojas
Billy,Sanderson
Royal,Gil
Ella,Alvarez
Jame,Bowler
Eliza,Irvin
Kerry,Clawson
Kristal,Donovan
Brant,Engle
Chang,Dobbs
Marybeth,Girard
Robert,Marchand
Thanh,Lemus
Adam,Rosen
Maida,Simon
Cleotilde,Amato
Gustavo,Glass
Gilbert,Vines
Antone,Griffin
Bernardo,Shockley
Mina,Yoon
Isela,Sparkman
Rayford,Morrison
Apryl,Crow
Jeni,Cornett
Mervin,Gill
Vanessa,Justus
Kimberley,Zimmer
Leonila,Tinker
Chantell,Ballinger
Eloy,Garrett
Edris,Beers
Madeline,Lind
Benito,Maas
Dione,Stowers
Brianna,Markley
Sheilah,Wicks
Gary,Aquino
Carmon,Dykes
Hannelore,Siler
Gerry,Atwood
Zane,Diehl
Gracie,Shelly
Mac,Billingsley
Denyse,Colwell
Galen,Noe
Elmira,Homer
Nubia,Melendez
Lady,Keeton
Buffy,Null
Simon,Bundy
Rosalinda,Aguirre
Lonnie,Peak
Rosendo,Stuart
Josef,Lowe
Randall,Gage
Yuonne,Kraft
Rosa,Irons
Valeri,Ingraham
Janae,Wagoner
Paul,Isom
Katheryn,Schaefer
Luz,Liddell
Rudolph,Blaylock
Micheal,Narvaez
Harlan,Close
Judi,Bertram
Linn,Godfrey
Steve,Person
Benita,Hook
Sharlene,Christiansen
Blair,Hostetler
Rhett,Coley
Edmundo,Stricklin
Carlton,Givens
Tawanna,Sherry
Amy,Glasgow
Mel,Belanger
Tyree,Saucier
Marshall,Bruner
Fausto,Shultz
Aracelis,Sorensen
Kimber,Newkirk
Tomas,Dewitt
Alvaro,Mchenry
Leanne,Ragland
Darius,Hale
Mozelle,Hamby
Shila,Speed
Jayna,Skidmore
Tory,Perreault
Lekisha,Bankston
Evangelina,Shrader
Quinton,Wicker
Hong,Henry
Dorsey,Kendall
Rosita,Flaherty
Aubrey,Donahue
Dick,Hubert
Tracy,Florez
Amado,Boudreaux
Hsiu,Mcneil
Brenton,Medina
Myong,Wagner
Joette,Carney
Annett,Saavedra
Donald,Borden
Eileen,Jasso
Lavelle,Montano
Steven,Teeter
Brandon,Villagomez
Lannie,Koontz
Richard,Lessard
Keenan,Mccann
Noe,Lopes
Jesse,Culbertson
Abby,Gomez
Kieth,Nickerson
Evan,Tomlin
Malcolm,Elizondo
Orville,Pereira
Jewell,Qualls
Nancy,Watt
Delilah,Jimenez
Verda,Oswalt
Louie,Lancaster
Marion,Kovach
Elisha,Goodrich
Marlin,Shorter
Pamala,Gilliam
Maybell,Bechtel
Cheree,Ralph
Otha,Young
Cletus,Shay
Ernestina,Monaco
Clarence,Sales
Vernie,Nielson
Hassan,Click
Nita,Samuel
Jules,Outlaw
Branden,Britton
Derek,Reeves
Antione,Madden
Tran,Boswell
Len,Overby
Rosio,Nava
Isaac,Earnest
Cedric,Webster
Marc,Hartman
Tamiko,Aaron
Marshall,Baumgardner
Fred,Bagwell
Desmond,Moen
Pamelia,Newby
Eldon,Ketchum
Jacquiline,Gleason
Raul,Morin
Catherine,Monroe
Connie,Catron
Homer,Still
Earlie,Barry
Elden,Cantu
Burton,Coates
Kevin,Paquette
Alina,Ladd
Renda,Kern
Weston,Ng
Linsey,Mueller
Tristan,Nason
Tresa,Matos
Edmundo,Hamilton
Eldon,Blalock
Neil,Seymore
Tonja,Mcgowan
Jannet,Leroy
Roselia,Escalante
Vern,Jacobson
Keenan,Deal
Eliana,Garner
Melvin,Barbour
Anya,Copeland
Roxane,Beatty
Hilaria,Clapp
Raye,Babb
Maryanne,Lemke
Hyun,Sacco
Shelia,Meyer
Chandra,Melvin
Marianela,Pannell
Trevor,German
Leota,Hook
Coralie,William
Lyle,Brandenburg
Danae,Duval
Willian,Elizondo
Lakita,Munoz
Lindsey,Fishman
Ronnie,Spriggs
Socorro,Barron
Katia,Kitchens
Emanuel,Gold
Wilson,Luttrell
Bryanna,Bagley
Jeanie,Waterman
Dirk,Bain
Leon,Vigil
Madalene,Romano
Bryant,Wheeler
Candida,Willoughby
Lanny,Wahl
Taneka,Battaglia
Evalyn,Pfeiffer
Jimmie,Peck
Billie,Huggins
Rogelio,Driver
Lecia,Ellsworth
Mason,Estrada
Waylon,Kolb
Benton,Mccleary
Jacquelyne,Schiller
Michel,Ligon
Leslie,Quintero
Kathy,Rocha
Luna,Ornelas
Dario,Villalobos
Isaac,Redding
Marshall,Hendrix
Roberto,Chacon
Maricela,Hagan
Fabian,Loftis
Jarvis,Flaherty
Ranae,Atwell
Kory,Fay
Lindsey,Roush
Perry,Cary
Tegan,Kolb
Maris,Palmer
Emerson,Arredondo
Tracey,Bray
Hattie,Runyan
Meghan,Rowell
Ashley,Hermann
Errol,Herrera
Matt,Sheffield
Donnie,Seal
Deane,Fortner
Kathy,Dobbins
Misty,Macdonald
Hortensia,Coon
Shirley,Albritton
Nina,Batts
Bobby,Narvaez
Man,Mace
Napoleon,Colley
Katina,Hardison
Pura,Ha
Bailey,Schumacher
Mana,Dabney
Lance,Doan
Timothy,Plummer
Young,Eastman
Naomi,Picard
Rudolf,Humes
Stacy,Tabor
Ebonie,Carswell
Russel,Hoff
Tequila,Huerta
Marcelo,Ely
Richard,Welch
Chang,Barrows
Antonia,Dasilva
Travis,Pringle
Joshua,Latimer
Marc,Chun
Allan,Berryman
Alix,Levin
Garth,Schuster
Emily,Curtis
Houston,Chamberlain
Cyrstal,Cupp
Korey,Shaver
Enda,Colley
Jaimie,Denning
Ellamae,Murdock
Teresita,Tobin
Kraig,Pulley
Torie,Baxley
Cherry,Dancy
Ricardo,Langdon
Mona,Agnew
Janiece,Major
Micah,Carrington
Ashley,Orth
Refugia,Guay
Noel,Hutchings
Elidia,Singer
Aura,Bellamy
Theron,Speight
Lamar,Hoy
Errol,Jamison
Jerrell,Cable
Avelina,Maddox
Ngoc,Arriaga
Milissa,Walter
Adam,Winston
Gino,Soares
Gigi,Jacobson
Ronni,Fogg
Salina,Branch
Frederica,Hoag
Isabella,Woodson
Morton,Autry
Nora,Maupin
Dominique,Hope
Fausto,Colby
Marry,Najera
Kandi,Jarrett
Sol,Coombs
Stacey,Fitzsimmons
Ellsworth,Woody
Tonita,Meyers
Jose,Houle
Jonathon,Hickson
Darrel,Calabrese
Gale,Grantham
Robby,Spring
Cornell,Jude
Perla,Ontiveros
Burton,Pulido
Julian,Danner
Paulina,Gaddy
Patience,Ulrich
Melida,Simpson
Joy,Pichardo
Solange,Willey
Annelle,Tolbert
Brad,Westfall
Hubert,Squires
Gonzalo,Dinkins
Veronica,Oglesby
Xavier,Savoy
Otis,Bermudez
Dario,Harding
Derrick,Rader
Paz,Tovar
Alphonse,Rhoads
Tequila,Hannan
Kendra,Fulton
Amos,Milburn
Lorinda,Olivares
Zane,Reddick
Nguyet,Fleming
Ezequiel,Potts
Kiana,Troy
Eli,Dahl
Victor,Foote
Lea,Paul
Morton,Tyler
Long,Dionne
Shirly,Billiot
Kaitlin,Dorman
Twila,Bonner
Will,Lowry
Rocky,May
Dylan,Hillman
Harvey,Piper
Dominga,Tilley
Wenona,Barry
Giovanna,Houle
Carmon,Kruger
Delois,Callahan
Elaine,Hebert
Willetta,Edgar
Kristie,Rowell
Alda,Burt
Emanuel,Gregory
Earl,Bordelon
Christa,Binkley
Sebrina,Poland
Mauro,Rosenthal
Dionne,Espinal
Alex,Gabriel
Shirley,Lamontagne
Corrine,Mcghee
Marielle,Wertz
Jacquie,Jorgensen
Alton,Cohn
Joshua,Autry
Edward,Fannin
Claretha,Ramirez
Hollie,Deal
Irving,Gunn
Linwood,Schilling
Candyce,Tanner
Tanner,Caron
Randal,Rupert
Rudolf,Carlson
Arlie,Frazier
Richard,Hofmann
Juan,Lancaster
Hershel,Linares
Christopher,Cromwell
Ara,Agnew
Heriberto,Cosby
Devorah,Fellows
Tamika,Cruz
Halley,Briley
Benito,Butler
Leif,Milne
Bari,Florez
Rayford,Friend
Alvaro,Kerns
Melania,Trahan
Danyelle,Pace
Cristal,Welsh
Refugio,Cowan
Arthur,Mcneal
Tanner,Lomax
Buster,Hamilton
Marlo,Estevez
Ivan,Bliss
Allan,Mullin
Oliva,Payne
Rita,Mckee
Jolie,Selby
Christopher,Lloyd
Rufus,Groff
Vergie,Allman
Magda,Tanner
Micah,Gann
Mariella,Garris
Teodora,Drury
Morgan,Hedgepeth
Allene,Keith
Tu,Hanlon
Bernie,Staten
Kamilah,Orosco
Magda,Mcmillian
Woodrow,Thornhill
Cristy,Forrester
Williams,Norwood
Madonna,Fulton
Sharyn,Honeycutt
Hubert,Boynton
Hortensia,Barnhart
Jeffrey,Hurst
Santos,Lowman
Malisa,Mcmullen
Wendell,Cardoza
Reiko,Hardin
Sofia,Berger
Barbie,Zaragoza
Felicidad,Kinder
Allen,Patel
Sydney,Mello
Margarett,Drayton
Marianne,Hahn
Lucien,Forrester
Derek,Neal
Davina,Coyne
Mason,Carswell
Jolie,Polanco
Isadora,Suarez
Angelique,Edwards
Sharleen,Labelle
Salina,Treadway
Jule,Willis
Jaime,Burkett
Earnest,Seaman
Cyrus,Raney
Lupe,Street
Karlyn,Whalen
Johnathon,Epstein
Kristofer,Guevara
Laree,Centeno
Louis,Bobo
Fredric,Bull
Ian,Roark
Shayne,Bourgeois
Evan,Baumgardner
Farah,Shephard
Ulysses,Buffington
Allan,Gillespie
Allen,Enright
Danuta,Lantz
Artie,Moya
Carrol,Daily
Mabelle,Kohl
Tracy,Arias
Irving,Couture
Frieda,Purnell
Jarrod,Ransom
Jarvis,Waggoner
Yadira,Ornelas
Lorelei,Clarkson
Geri,Jansen
Shannon,Horner
Odette,Smart
Williams,Gable
Ismael,Albright
Alvin,Ramey
Marisol,Gilbreath
Kaitlin,Damon
Cordelia,Dowdy
Ira,Spalding
Wayne,Burnett
Otha,Solano
Shayne,Bess
Ryan,Finch
Sonia,Bey
Bao,Lehman
Jeannie,Goddard
Blake,Ivey
Delfina,March
Von,Brownell
Enrique,Gifford
Warner,Dodds
Augusta,Baylor
Heidi,Chastain
Hank,Dumas
Lauren,Busch
Cherly,Stansberry
Darrin,Scroggins
Cecila,Fuchs
Joi,Hoskins
Larry,Hankins
Vicente,Guenther
Anette,Coburn
Rueben,Seiler
Morgan,Bracken
Leo,Everhart
Jacqueline,Chadwick
Lucas,Judd
Season,Shea
Dominique,Duncan
Vincenza,Mcclure
Linwood,Gil
Dion,Hennessey
Ellis,Wilber
Yong,Prewitt
Randall,Matthew
Barney,Webb
Bryant,Stackhouse
Tatyana,Voigt
Mathilda,Wenzel
Keva,Whiteside
Maryjo,Augustine
Arlen,Pedroza
Twana,Cecil
Yesenia,Henley
Clinton,Thorn
Eliana,Mello
Leland,Barger
Lisandra,Wyant
Teodoro,Wester
Devorah,Sheldon
Jaime,Sylvester
Logan,Greer
Daron,Styles
Rosario,Colvin
Marcelo,Shook
Charles,Mcalister
Darcey,Holly
Helga,Pulido
Fairy,Badillo
Josue,Donohue
Sarah,Holley
Vance,Madera
Elliot,Hamm
Roscoe,Koenig
Wm,Rhoads
Stevie,Renteria
Danielle,Hartwell
Brant,Messina
Tera,Rosser
Amado,Combs
Krista,Lefebvre
Mary,Seaman
Clair,Romeo
Vernon,Carbone
Desmond,Swope
Shante,Krug
Alpha,Zepeda
Wilhelmina,Dobson
Rex,Gower
Jene,Hershberger
Bernardo,Lawton
Samual,Driver
Fredric,Rupert
Birgit,Ballou
Moriah,Bliss
Steven,Michel
Brooks,Wu
Maryann,Lehmann
Aleshia,Parrish
Salley,Mccaffrey
Shery,Costello
Stephen,Pagan
Jody,Overby
Ross,Bentley
Lavone,Madera
Damion,Trujillo
Michaele,Baughman
Frederic,Cross
Eufemia,Eastman
Kayleigh,Shumaker
Mervin,Barrios
Billy,Sawyer
Carolin,Kitchen
Eugene,Vidal
Wiley,Whitcomb
Jovan,Townes
Porfirio,Berry
Shawnna,Cupp
Timmy,Baugh
Evelin,Bagley
Fredric,Mccreary
Michael,Montano
Clair,Joy
Geneva,Greenfield
Julius,Hairston
Dagny,Crawford
Cecil,Grider
Concepcion,Woodbury
Dusty,Clemmons
Keven,Sabo
Chantel,Grooms
Sydney,Canty
Mora,Perryman
Lyman,Kendrick
Catarina,Levesque
Mel,Navarro
Courtney,Carmichael
Delinda,Rodrigue
Numbers,Kozlowski
Garnett,Hatch
Kaylee,Mcfarland
Isabel,Allan
Basil,Marrero
Mariano,Kilgore
Daphine,Magee
Shanita,Cerda
Catalina,Busby
Melva,Sherry
Emil,Hutchins
Alex,Savage
Reuben,Dewitt
Victor,Holm
Jospeh,Schulte
Sydney,Schramm
Macie,Reno
Gregoria,Shay
Henry,Broderick
Miriam,Staples
Lorraine,Tolley
Isaura,Epps
Timothy,Preston
Felicitas,Dayton
Michel,Ezell
Justin,Vasquez
Norbert,Vandiver
Carla,Boling
Arnoldo,Arsenault
Francis,Crane
Milford,Chinn
Sydney,Lemaster
Katlyn,Burkett
Jin,Ramsay
Arden,Biddle
Tisha,Cason
Xiao,Centeno
Reuben,Soto
Britt,Sabo
Berry,Moss
Alia,Boren
Tiffany,Kellogg
Boyd,Dallas
Treasa,Groce
Huong,Hinkle
Niesha,Orta
Scottie,Cummings
Brice,Gold
Rossie,Akins
Donny,Embry
Reda,Valenzuela
Sadye,Silva
Pat,Foret
Lulu,Collett
Virgil,Cano
Stanton,Owens
Eugenie,Snell
Roman,Gonsalves
Jose,Kimmel
Dallas,Castellanos
Perry,Brothers
Jacklyn,Wharton
Josephine,Lowell
Birdie,Madigan
Setsuko,Garner
Desire,Emanuel
Mathew,Ives
Henry,Terrell
Ka,Ellsworth
Malisa,Chun
Nolan,Krause
William,Ashford
Julienne,Clary
Nydia,Link
Williemae,Lachance
Hiroko,Odom
Yoko,Bradbury
Maxwell,Keane
Jason,Dabbs
Trista,Petty
Graham,Reeves
Joette,Doe
Kaley,Mcconnell
Jamie,Kendall
Pearlie,Joyce
Darrel,Craft
Ernesto,Donato
Hellen,Figueroa
Roland,Valenzuela
Shiela,Michels
Carmine,Park
Francisca,Pearsall
Marylyn,Mckenney
Leroy,Popp
Andreas,Nix
Alberto,Skipper
Hubert,Herrera
Cordie,Lehmann
Wilfred,Delgado
Joesph,Mowery
Steven,Heim
Teofila,Begley
Linwood,Matney
Fay,Criswell
Lita,Peterson
Abraham,Allred
Stephan,Novak
Darius,Morse
Ernie,Schilling
Ricky,Tam
Fidelia,Douglas
Tori,Theriault
Salvatore,Diaz
Robert,Sweat
Raphael,Mccutcheon
Terrence,Swope
Devon,Bloom
Sherlyn,Purcell
Myles,Lawless
Leonore,Brackett
Trenton,Calderon
Lindsey,Schaefer
Shaun,Wesley
Kathline,Donovan
Pandora,Powell
Dee,Heller
Tierra,Coker
Cleo,Spalding
Garret,Dailey
Despina,Ainsworth
Evie,Gossett
Maurice,Cerda
Rosario,Bowers
Darby,Williamson
Mel,Trammell
Gabriel,Ragland
Charlena,Mason
Jerrod,Laughlin
Myong,Treadway
Denver,Loera
Emmett,Cranford
Elfriede,Wortham
Ashley,Penrod
Clement,Tanner
Marcos,Winters
Mariano,Boyle
Adrian,Yarbrough
Rudolf,Carlton
Bob,Back
Cari,Healey
Dominique,Truong
Tonette,Crouch
Jerold,Guthrie
Stefania,Blackman
Johnnie,Ebert
Donte,David
Gwyneth,Cheng
Rafaela,Weiss
Burton,Barfield
Mackenzie,Parry
Antone,Irby
Michale,Cano
Casey,Westmoreland
Pierre,Tirado
Timothy,Jones
Cyrus,Bagley
Randy,Brewer
Derek,Creel
Hugh,Gardiner
Yi,Burnham
Lannie,Fortner
Antonia,Smalls
Ginny,Gill
Maynard,Holly
Winfred,Angel
Guillermo,Leone
Joslyn,Rudd
Connie,Pearsall
Reinaldo,Mccloskey
Forrest,Spicer
Elana,Volz
Trina,Ivory
Deon,Steel
Eunice,Morrissey
Elke,Chamberlain
Myrna,Spangler
Joselyn,Hicks
Antione,Rodriquez
Sherry,Bostick
Jonelle,Caro
Susanne,Freitas
Isidro,Dulaney
Toney,Chitwood
Marcus,Dial
Mose,Guthrie
Edison,Lavender
Deandre,Quillen
Yevette,Briggs
Stan,Foster
Elden,Vu
Arnold,Griffiths
Clare,Oconnor
Kindra,Israel
Majorie,Thiel
Alberto,Kellum
Chuck,Waldrop
Asia,Land
Devon,Christianson
Tanya,Heredia
Rufina,Packer
Robyn,Stump
Ok,Simons
Lesley,Croft
Blake,Clemens
Mechelle,Shade
Alta,Alexander
Neil,Helms
Alvin,Whiteman
Andre,Orton
Imelda,Bilodeau
Socorro,Bingham
Farah,Lavoie
Krystyna,Talbert
Fernando,Kay
Fredrick,Matlock
Owen,Felder
Alethea,Teal
Barbara,Kinsey
Del,Stallings
Adolfo,Eason
Gaylord,Rocha
Maria,Reagan
Shayne,Stevens
Helga,Engle
Shelton,Latham
Whitley,Ernst
Latoya,Richie
Tommy,Mattison
Herschel,Alvarado
Sylvia,Schneider
Yessenia,Ayers
Rolf,Clary
Myron,Ingraham
Bruce,Dalton
Roma,Barnette
Lavern,Salley
Everett,Weathers
Oscar,Koenig
Idell,Villarreal
Ferdinand,Cunningham
Jami,Otis
Ilana,Criswell
Iona,Gale
Susannah,Durand
Abraham,Kee
Alfreda,Corbin
Nenita,James
Delmar,Troutman
Miquel,Blalock
Lyndia,Stepp
Tanna,Tilton
Dorene,Phelan
Reggie,Cope
Russel,Turman
Andria,Conte
Virgen,Friday
Marlene,Peter
Antony,Fuller
Isreal,Monaghan
Macy,Nieto
Odell,Falk
Susan,Hawley
Lynell,Tolliver
Debbra,Alexander
Irvin,Fulkerson
Emanuel,Mccrory
Marcellus,Harvey
Chuck,Arndt
Vincent,Black
Teresa,Alston
Ramonita,Mallard
Shaquita,Zeigler
Avery,Moser
Max,Strom
Chanel,Harwell
Dorothy,Jordan
Dewitt,Page
Maryam,Cyr
Brock,Sowers
Domenic,Travers
Mario,Fortune
Marva,Hays
Latashia,Dyson
Cleta,Combs
Lilian,Benson
Keith,Kitchens
Mickey,Chaney
Lonny,Earls
Enoch,Workman
Janett,Slaton
Ivory,Copeland
Chung,Toney
Kelli,Rounds
Cherly,Dick
Beaulah,Richards
Monica,Hodges
Majorie,Guay
Louie,Seely
Clarence,Underwood
Curt,Altman
Hattie,Lowery
Antone,Adams
Santa,Maestas
Jerald,Sims
Wallace,Theriot
Korey,Boykin
Bradford,Simone
Abel,Varner
Tyree,Lancaster
Cristin,Tovar
Marni,Hayden
Jerry,Vance
Dwayne,Woods
Garry,Grissom
Lucas,Burch
Oren,Coates
Denny,Holcomb
Kiesha,Dye
Shelli,Feeney
Basil,Fielder
Nicky,Spillman
Arvilla,Lyons
Hermine,Almeida
Janiece,Moulton
Lonnie,Shively
Loraine,Hinkle
Autumn,Dorman
German,Edmond
Alan,Mcgowan
Chelsea,Holder
Trang,Dick
Valentine,Mccarter
Marisa,Ellsworth
Karren,Paris
Tanner,Jamison
Alethia,Moffitt
Freddie,Brookshire
Fermin,Higgins
Cary,Cunningham
Sudie,Beach
Xavier,Hershberger
Josphine,Trinidad
Francene,Pride
Kiera,Robison
Vernon,Marion
Bruce,Hamel
Saul,Mcallister
Sammie,Alonzo
Isaias,Lemon
Hayden,Pearce
Cristobal,Carvalho
Roselle,Galbraith
Jerald,Gill
Raleigh,Ireland
Barb,Hunter
Aliza,Grayson
Rhett,Fredrickson
Jaimie,Bolling
Yung,Munn
Edythe,Rosen
Valentin,Rodrigue
Logan,Mendenhall
Mica,Wade
Sammy,Sheets
Devin,Stoll
Ola,Bradshaw
Rosette,Canfield
Athena,Davenport
Sueann,Canfield
Palmer,Tipton
Syble,Wild
Neta,Glaze
Fritz,Clem
Darnell,Stokes
Germaine,Hurley
Maricruz,Espinoza
Sol,Williford
Brady,Isbell
Vernia,Abbott
Norbert,Stroup
Oren,Ly
Kristal,Brandt
Max,Evans
Elfriede,Grissom
Ivan,Saldivar
Luther,Duval
Joseph,Jefferies
Sherman,Braun
Dave,Renner
Broderick,Castellano
Noe,Sexton
Stanton,Archer
Angeline,Chew
Brandee,Hannon
Chantel,Marble
Nelson,Calhoun
Carolyne,Olivarez
Leonore,Shade
Clemente,TRUE
Kendrick,Thomason
Darin,Eskridge
Lorna,Voigt
Sherie,Wahl
Marjory,Van
Georgine,Mcfarlane
Hui,Crawford
Hyman,Kahn
Coral,Bartholomew
Colby,Messer
Hollis,Esquivel
Rey,Swartz
Tobi,Pratt
Danilo,Donley
Nicolle,Gladney
Eduardo,Ralston
Eugenio,Weis
Nena,Sibley
Jerrold,Dennison
Leopoldo,Amos
Susy,Murrell
Ronnie,Nolen
Robin,Cooks
Dante,Devine
Harris,Vasquez
Murray,Fogg
Sean,Coggins
Alfonso,Edmonds
Sanjuana,Groves
Man,Willie
Kellie,Bustamante
Gonzalo,Kolb
Luke,Leboeuf
Elliott,Marcus
Rory,Napier
Sammie,Hylton
Minh,Michaud
Glenda,Donovan
Sol,Valentine
Jed,Martindale
Cletus,Davila
Marsha,Ash
Shanda,Abraham
Myong,Mora
Malcolm,Kenney
Deanna,Sandlin
Mitchel,Chamberlin
Darell,Padgett
Dorotha,Pauley
Nathanial,Easter
Shu,Wentworth
Merle,Reynolds
Colene,Harder
Shelton,Morey
Blaine,Strader
Kip,Pritchett
Myrtis,Staten
German,Jasso
Randal,Enright
Rico,Lemay
Richie,Stevenson
Lani,Bernstein
Julissa,Couture
Rayford,Kaufman
Sha,Rodgers
Felton,Beaman
Viola,Paquette
Young,Byrne
Roberto,Morehead
Don,Koch
Mercedez,Burke
Ambrose,Tribble
Guadalupe,Krause
Yoshiko,Hannan
Mitchel,Cornelius
Humberto,Friend
Theodore,Horan
Israel,Brinkley
Ahmad,Doss
Buffy,Lutz
Thanh,Carman
Sheridan,Barone
Irvin,Kuntz
Joshua,Hardison
Aiko,Dupuis
Kieth,Barger
Tonja,Hawk
Kerrie,Rollins
Marvin,Collette
Rosia,Mcmanus
Doyle,South
Shery,Pease
Estell,Sherry
Catherina,Toledo
Barton,Caban
Elisha,Bauman
Gemma,Rowan
Abdul,Jennings
Judson,Crenshaw
Nichole,Stephens
Danna,Bravo
Berry,Mccabe
Ronnie,Felton
Lesa,Haggerty
Rashad,Mccain
Samara,Ellsworth
Eliseo,Jeffery
Yer,Padgett
Sergio,Wolfe
Jacquelyne,Callaghan
Chance,Rudolph
Jarrett,Ybarra
Bennett,Long
Elsy,Christy
Emmanuel,Feeney
Giovanni,Walden
Brigida,Mays
Freddy,Harter
Madaline,Blum
Sixta,Boynton
Charlott,Batten
Ashley,Waters
Alonso,Dibble
Bill,Raines
Letty,Donaldson
Duncan,Canales
Deshawn,Donohue
Ming,Russ
Lenard,Wisniewski
Rolland,Cranford
Bernie,Beach
Eulah,Mcdaniels
Maurice,Hoyle
Ann,Frye
Geraldo,South
Frances,Ramey
Ethan,Corbin
Lane,Robbins
Antoine,Whitley
Thi,Rosen
Gertha,Root
Marisol,Wynne
Katherin,Gleason
Porsha,Mchenry
April,Betts
Antonio,Treat
Danial,Briones
Rocio,Edward
Gordon,Lincoln
Deandre,Orozco
Lauri,Roney
Tien,Macdonald
Margarito,Gaylord
Brad,Gossett
Rudy,Field
Andrew,Dorman
Johnette,Grimes
Trent,Jansen
Katherina,Mann
Dortha,Eck
Johnie,Koch
Tiffani,Medrano
Ludie,Lawson
Clora,Carswell
Setsuko,Roney
Teodoro,Toler
Lucius,Montano
Clement,Fine
Alicia,Fowlkes
Vance,Deboer
Marylouise,Franks
Hector,Morales
Sherman,Norris
Everette,Medlin
Laurence,Stamm
Elida,Furlong
Agueda,Pickens
Emilio,Cheng
Necole,Bolen
Tatyana,Reese
Curt,Ordonez
Carmelina,Ralph
Karon,Peeler
Ryan,Padgett
Carlo,Yang
Efren,Barringer
Griselda,Schuster
Mercy,Guillen
Van,Juarez
Renita,Mauldin
Soila,Forster
Merlin,House
Micheal,Lam
Olive,Mclaughlin
Tambra,Schenk
Donny,Boisvert
Cesar,Holder
Romona,Chastain
Carey,Sutherland
Delana,Mount
Denese,Post
Fernando,Wetzel
Krystin,Lindberg
Donald,Lombard
Filomena,Caruso
Darrel,Hopson
Terry,Slack
Buford,Driver
Jess,Burks
Sharleen,Mayfield
Dannielle,Beamon
Ellis,Odonnell
Jayson,Shade
Oscar,Boothe
Nohemi,Weiner
Elijah,Hubbard
Gigi,Kilpatrick
Effie,Neumann
Rashad,Gorham
Gussie,Hedgepeth
Trevor,Polanco
Deann,Downing
Sol,Clemmons
Brock,Wilmoth
Travis,Schoonover
Pablo,Charles
Angel,Shepard
Dewey,Holcomb
Alphonso,Mcghee
Lionel,Numbers
Harley,Shivers
Newton,Bronson
Laureen,Sharp
Ivey,Cade
Neta,Isaacson
Marcos,Plummer
Ollie,Mitchell
Micheal,Mcewen
Garth,Finley
Josef,Rayford
Dewayne,Ngo
Eduardo,Samuel
Sondra,Jack
Teodoro,Steiner
Russel,Self
Jordan,Shannon
Ariel,Crosby
Buck,Hidalgo
Cleveland,Dion
Thuy,Alley
Cleo,Justice
Cole,Boyle
Jerald,Pogue
Tiffani,Staton
Mervin,Collier
Isabell,Davenport
Marquetta,Randall
Richie,Higdon
Mitchel,Gulley
Leigh,Oakes
Coy,Arias
Porter,Sorrell
Orval,Camara
Seth,Somerville
Brandon,Hardin
Karina,Bethel
Titus,Everhart
Daphne,Marquis
Manuel,Wickham
Jerrell,Mohr
Leann,Henry
Letty,Roark
Rossie,Gregg
Jared,Whitehead
Sunni,English
Sharla,Love
Fern,Allen
Nguyet,Stuckey
Lauren,Lentz
Lupe,Hulsey
Brandee,Thorn
Ernie,Ethridge
Alan,Bisson
Vickey,Harter
Chet,Morales
Lorretta,Brumfield
Timmy,Shade
Rudy,Alger
Annice,Arsenault
Jona,Crumpton
Lindy,Barney
Oren,Heim
Cherly,Greenfield
Katina,Milburn
Jefferson,Ethridge
Jacqui,Landon
Delmer,Mcrae
Kristyn,Livingston
Cordell,Cantu
Charissa,Noonan
Oswaldo,Whitehurst
Britt,Mouton
Kassie,Mayers
Kay,Orta
Jessica,Glass
Joaquin,Steffen
Arlie,Egan
Valene,Hass
Faustina,Kessler
Erik,Worsham
Marquis,Shelly
Brendon,Jarrett
Rocky,Lee
America,Cotton
Laurice,Archie
Marquetta,Baber
Florance,Jay
Carmon,Bach
Larry,Labelle
Valentine,Hale
Seth,Berg
Charita,Meade
Ricardo,Skipper
Camelia,Thiel
Buck,Olvera
Glenda,Harwood
Rodrick,Bergman
Dario,Gresham
Barney,Maguire
Garnett,Fries
Arletta,Cecil
Georgina,Hollins
Edith,Goetz
Lenita,Houser
Delcie,Samuels
Mi,Bragg
Collin,Lang
Ricky,Nielson
Jon,Lynch
Tamera,Beaman
Georgeanna,Arellano
Craig,Jacks
Priscila,Duarte
Earl,Partridge
Huong,Cushman
Jared,Hopson
Isreal,Burkett
Lionel,Slade
Marleen,Lord
Andrew,Huntley
Merilyn,Noe
Eliseo,Spearman
Wilfred,Mabe
Junior,Dangelo
Wesley,Mclaurin
Brad,Dobson
Grady,Spurlock
Nichelle,Coombs
Marjory,Silas
Annika,Hendrick
Yoshiko,Snodgrass
Janetta,Milligan
Isreal,Little
Saul,Pearsall
Stacy,Becnel
Lucia,Hawkins
Elnora,Perreault
Lavern,Brice
Jerold,Horning
Krystal,Salisbury
Carlota,Doran
Magan,Rivers
Nancey,East
Daisey,Brittain
Evie,Gonzales
Federico,Barnhart
Beverlee,Merrell
Jefferey,Ballinger
Victor,Leslie
Maynard,Judge
Fatimah,Sayre
Jarrod,Cho
Brian,Small
Salvatore,Evers
Carolyn,Sloan
Lionel,Haag
Pilar,Elkins
Lauralee,Gee
Ollie,Petrie
Michel,Lay
Lura,Mcqueen
Nick,Light
Mellisa,Savage
Latricia,Parris
Benedict,Noe
Antonio,Grimm
Jesus,Bergstrom
Ervin,Liddell
Maud,Crawford
Alice,Thames
Florene,Slack
Heath,Barrett
Ardelle,Rowley
Patricia,Taggart
Brooks,Quick
Shelton,Sturm
Earnest,Whitmire
Wendell,Toler
Jarrett,Shaffer
Philomena,Briley
Jerilyn,Will
Daryl,Yarborough
Wanita,Leatherman
Doris,Diggs
Lizabeth,Werner
Theron,Conrad
Aline,Villanueva
Trenton,Salinas
Macie,Valdes
Efrain,Rico
Dallas,Mccaskill
Kirsten,Snider
Mohammed,Mauro
Pearly,Sanborn
Lenora,Duarte
Leif,Galvin
Tanna,Kendall
Stuart,Wallace
Todd,Burke
Sydney,Truitt
Courtney,Wendt
Robbie,Sigmon
Myrle,Wilhite
Edwin,Ventura
Riley,Ohara
Ellis,Bentley
Blake,Spinks
Guillermo,Fontaine
Maybell,Farrell
Sharron,Craven
Magali,Gregg
Arthur,Waldrop
Cyril,Jefferson
Bradford,Ingalls
Ira,Nathan
Lavonia,Santos
Herschel,Willett
Catarina,Pitcher
Britt,Carrion
Allan,Gatlin
Willie,Vue
Paul,Hinson
Alejandro,Maki
Nila,Frank
Kimberli,Ogden
Merlin,Wilder
Jonathan,Halcomb
Tracee,Rodrigues
Cleotilde,Calhoun
Marybelle,Peak
Georgianna,Haugen
Maude,James
Grady,Decker
Frederic,Roger
Josh,Turpin
Leo,Breeden
Marcos,Bridges
Reid,Jamieson
Reid,Hardwick
Galen,Harry
Rocky,Shin
Cedric,Hanes
Anthony,Gill
Wesley,Benson
Ollie,Wilder
Joseph,Coleman
Demetrius,Deboer
Orpha,Corbett
Logan,Bruner
Freddy,Dunn
Brad,Mesa
Sam,Callaghan
Jamel,Barela
Katherin,Kessler
Keven,Muniz
Lina,Armijo
Delaine,Koenig
Kym,Ponce
Broderick,Holton
Adrien,Conn
Helaine,Chacon
Carlena,Foust
Sol,Fair
Morton,Chamberlin
Homer,Cardenas
Devon,Vo
Shelton,Briscoe
Rusty,Johnson
Alton,Olds
Vinita,Ferrara
Keenan,Macpherson
Shanell,Mccloskey
Joella,Nichols
Penni,Shook
Libby,Lemieux
Giuseppe,Franz
Herbert,Livingston
Bradley,Goforth
Raleigh,Osorio
Millicent,Geary
Luanna,Lorenzo
Mike,Delong
Ettie,Kellum
Leda,Haskell
Palma,Bowen
Traci,Mcmillen
Curtis,Kincaid
Mozella,Saxon
Jody,Pressley
Quintin,Ammons
Lester,Donahue
Carl,Cannon
Dallas,Buchanan
Stefan,Magee
Angele,Collins
Julianna,Montano
Lena,Mcmanus
Steve,Sloan
Amada,Power
Sydney,Oconner
Edmond,Clawson
Katheryn,Marlow
Delsie,Holcomb
Jamika,Pogue
Darren,Jacks
Cameron,Laird
Darius,Mccartney
Mika,Ferrer
Corey,Oconnor
Catarina,Tompkins
Colby,Phillips
Angelia,Lovejoy
Lang,Brittain
Fern,Stricklin
Philomena,Clarke
Eloise,Weis
Emilio,Medrano
Merlin,Dejesus
Nita,Runyon
Raymundo,Dale
Toby,John
Isabell,Joy
Cheryl,Rosenbaum
Jeannette,Orosco
Jonah,Lockett
Eliana,Vinson
Dillon,Bergeron
Jerry,Lovejoy
Shirley,Walls
Lamar,Whittaker
Jayna,Hardman
Robin,Mata
Yi,Rosser
Curt,Dale
Crista,Croteau
Jere,Colvin
Merle,Wheatley
Latoya,Saucier
Kimi,Fahey
Lita,Avila
Lawanda,Mays
Marinda,Hacker
Angelika,Arndt
Arnold,Mccurdy
Carita,Shell
Terry,Batson
Marc,Holden
Jeff,Regalado
Gigi,Slayton
Toni,Craft
Alan,Zimmerman
Eleanore,Boyles
Omer,Mcneill
Elizabet,Puente
Harriet,Mcleod
Virgil,Tavares
Maragret,Dougherty
Ruben,Speight
Arnold,Napier
Maximo,Comstock
Amos,Sheffield
Thomas,Sanderson
Zane,Dube
Reynalda,Shuler
Leroy,Lang
Liberty,Wilkerson
Lena,Reis
Carmine,Lester
Aurelio,Staggs
Clifford,Champion
Mario,Snider
Jewel,Talbot
Williemae,Huynh
Marshall,Burchett
See,Hwang
Cordelia,Mendenhall
Louie,Lam
Gail,Pulley
Romeo,Lee
Robbie,Pulido
Odis,Beauregard
Michel,Hickman
Ching,Reagan
Tyson,Mcclellan
Dimple,Madden
Donte,Wyatt
Nathaniel,Heath
Jacinda,Teeter
Phil,Lister
Bridgette,Bittner
Sol,Porterfield
Melida,Mclaurin
Palmer,Mcrae
Harvey,Fife
Dale,Bear
Meg,Alcala
Angelo,Beeler
Chung,Nunes
Era,Logsdon
Mose,Swearingen
Louie,Tyson
Cheryle,Perdue
Gregorio,Pence
Ashlie,Mcnabb
Francesco,Yoo
Alberto,Mercer
Kandy,Batson
Rigoberto,Pulley
Timmy,Ricci
Patty,Jerome
Bobbye,Cronin
Elisabeth,Kimmel
Fernando,Molina
Camellia,Salisbury
Mathew,Messenger
Omar,Scales
Robena,Maples
Mertie,Binkley
Pete,Dent
Guillermo,Massie
Hildegarde,Winter
Gale,Felder
Xenia,Warden
Torri,Eaves
Marnie,Marcotte
Mitchel,Park
Yvonne,Brookins
Dorathy,Schulz
Burton,Bettis
Brenda,Ornelas
Elliott,Carrion
Shonta,Aviles
Nerissa,Boston
Wan,Amador
Analisa,Galbraith
Dyan,Olson
Dillon,Bankston
Clarita,Tyree
Ira,Hampton
Azzie,Peyton
Alicia,Bagley
Jared,Starks
Loura,Corbett
Angel,Orr
Bud,Laroche
Sylvester,Halverson
Junior,Olmstead
Mohammed,TRUE
Myles,Orton
Hayley,Brittain
Viva,Dixon
Lyman,Bingham
Tabetha,Seward
Silas,Cherry
Todd,Steward
Arlen,Irwin
Jenice,Grubb
Hoyt,Gragg
Iesha,Duarte
Bobbie,Starkey
Dexter,Ness
Consuelo,Halsey
Laurence,Steed
Jasmin,Barrow
Jean,Luis
Davis,Hudson
Guillermo,Tanaka
Dannie,Gonsalves
Herlinda,Hansen
Branden,Mahan
Agustina,Montez
Lorenzo,Koch
Johnathon,Wheeler
Charles,Crutchfield
Jerrell,Posey
Erlene,Pennington
Diego,Laird
Kam,Jacques
Alena,Arthur
Yolando,Upshaw
Milda,Thornton
Miquel,Banner
Alline,Royster
Dennis,Nesmith
Marcie,Hartwell
Stephanie,Mahon
Vito,Krueger
Jaclyn,Patrick
Rudolf,Pak
Antone,Otto
Ollie,Camarillo
Antonia,Braun
Eda,Cannon
Sierra,Faulk
Tammy,Keene
Marco,Bagley
Chanel,Fortune
Gretta,Conti
Deedee,Branch
Ebonie,Bellamy
Mathilda,Sayers
Phyllis,Schaefer
Valentine,Luce
Richie,Sells
Lawrence,York
Ollie,Nash
Thurman,Gannon
Jean,Cazares
Bailey,Wilhelm
Tracy,Gragg
Tawana,Ceja
Pete,Crews
Malissa,Mclain
Verena,Xiong
Senaida,Neff
Ofelia,Pantoja
Rashida,Crump
Reita,Cassell
Stacy,Hatchett
Harrison,Herrera
Sallie,Ivey
Adina,Mccollum
Herbert,Hanley
Leslie,Ahmad
Lucien,Vang
Perla,Castellanos
Wilfredo,Hough
Eura,Nava
Connie,Luther
Nancie,Clevenger
Roderick,Araujo
Consuela,Bounds
Corey,Ring
Hyman,Gagnon
Jayson,Winfield
Emil,Dooley
Cassidy,Willard
Marth,Omalley
Galen,Calkins
Rogelio,Kasper
Stormy,Dennison
Carroll,Whitcomb
Miesha,Cotton
Cliff,Shaw
Duane,Prewitt
Myles,Hutchens
Milton,Mayhew
Alta,Shields
Frankie,Monaco
Angelo,Cooksey
Jonelle,Baca
Sulema,Freedman
Kelly,Barnhill
Markus,Whitmire
Colette,Stidham
Ha,Cass
Leonard,Aguirre
Kendall,Breen
Marlen,Osborne
Cody,Aiello
Isis,Warfield
David,Parnell
Georgann,Stillman
Roseann,Pacheco
Ahmed,Bolduc
Retha,Shaw
Freeda,Downs
Chris,Mohr
Lezlie,Tate
Frida,Ruiz
Clinton,Barbosa
Richie,Orth
Parker,Mcknight
Adan,Wesley
Freddie,Fry
Philomena,Desantis
Marlin,Branch
Vennie,Mattingly
Ashley,Krieger
Ettie,Crosby
Zackary,Rawlins
Bradley,Slaton
Oswaldo,Ray
Anh,Ward
Neil,Salmon
Nicky,Jolley
Shila,Matias
Meta,Jasso
Maryam,Griffith
Tresa,Forrest
Alden,Embry
Jessie,Neville
Granville,Smalley
Selene,Snodgrass
Brendan,Phillips
Jamar,Shore
Zana,Wimberly
Iris,Gibbs
Chet,Zaragoza
Bebe,Eagle
Renda,Blankenship
Anya,Newberry
Winnifred,Sears
Rachele,Muncy
Gwen,Godinez
Lacy,Mathews
Albertha,Suggs
Jacquiline,Santos
Marshall,Ripley
Orville,Cotton
Hiedi,Abel
Arron,Mccormick
Harriett,Johns
Bret,Grover
Silas,Smalls
Barbara,Kohler
Myra,Keyes
Tad,Shannon
Willian,Whitlow
Digna,Smothers
Sanjuana,Saddler
Frankie,Goebel
Ty,Keegan
Kizzy,Cleary
Honey,Sawyers
Suzy,Fogle
Helen,Storm
Benjamin,Rhodes
Lupe,Fuqua
Ramiro,Fiore
Emanuel,Murrell
Chet,Dupre
Richard,Woods
Long,Verdin
Bonnie,Wills
Sydney,Howerton
Leonila,Andrus
Chad,Vickery
Lorenza,Rohde
Alisia,Mackay
Phil,Mccrory
Elaine,Straub
Merle,Boggs
Edgar,Kane
Chris,Barham
Tyrone,Jorgenson
Coreen,Mcfall
Librada,Keane
Tova,Yocum
Lucas,Trombley
Scottie,Galbraith
Leo,Bartley
Celina,Fowler
Jannette,Magnuson
Ronnie,Blackman
Bobbie,Fleming
Miss,Marler
Racquel,Wayne
Arron,Barraza
Jackie,Bell
Oralia,Kohl
Greg,Lennon
Shannon,Dionne
Tyron,Lash
Jason,Thayer
Jesus,Kemp
Kirk,Bourne
Bettye,Cummings
Rona,Witte
Karon,Dow
Mable,Urban
Alexa,Brumfield
Cuc,Medley
Asa,Parkinson
Carter,Tracy
Reed,Tirado
Raymundo,Walden
Russel,Flannery
Connie,Gagne
Patience,Mccaskill
Clair,Desantis
Myrtie,Merrill
Nathanael,Fitzpatrick
Amber,Stansberry
Matt,Ferreira
Gerard,Place
Alexander,Franklin
Roland,Bush
Sergio,Vail
Eloy,Clegg
Verla,Pellegrino
Pearline,Sabo
Ashly,Bard
Darin,Iverson
Van,Ragland
Dodie,Boren
Melodi,Oliveira
Ozell,Dunham
Jeramy,Good
Mistie,Hanks
Diann,Lloyd
Jarrod,Bayer
Sherly,Mercado
Barbie,Goldberg
Val,Fincher
Delores,Serna
Bruce,Woodruff
Maryanna,Mcwhorter
Dorthey,Rangel
Karina,Rosenthal
Rosalina,Sager
Darcie,Law
Austin,Laird
Jarvis,Becnel
Eugenio,Penny
Cameron,Mccallister
Harrison,Townes
Rosalyn,Dubois
Laronda,Gregory
Irena,Quinones
Shane,Youngblood
Ted,Hofmann
Roger,Tillery
Lorrie,Baber
Armando,Hamlin
Rosemarie,Valencia
Tyree,Colon
Millie,Martindale
Keven,Belton
Truman,Pineda
Rafaela,Utley
Angeline,Higgins
Belle,Lai
Numbers,Good
Benedict,Winkler
Janel,Nunn
Matt,Christie
Van,Rouse
Olympia,Ware
Enoch,Bergeron
Les,Lundgren
Maxie,Herzog
Dina,Earls
Bret,Franz
Marisha,Myles
Kerry,Sander
Krishna,George
Emmitt,Barron
Stanford,Mattos
Lillie,Burden
Buford,Hailey
Nilda,Redmond
Solomon,Caro
Erasmo,Mann
Joane,Reddick
Jerlene,Dent
Latesha,Necaise
Santa,Seward
Ossie,Pressley
Myong,Ashe
Gus,Carrera
Dede,Rodriquez
Brooke,Holley
Myles,Guidry
Pierre,Gerald
Bell,Bowden
Donald,Rowan
Garth,Atchison
Benjamin,Lamontagne
Man,Seidel
Tamara,Treadwell
Norberto,Dowdell
Maya,Waldrop
Harry,Dyson
Cortney,Kang
Noella,Ballinger
Kirk,Burkhart
Parker,Getz
Muoi,Montes
Jonah,Orr
Sammy,Eason
Jarod,Garcia
Bernita,Aquino
Ardell,Tafoya
Rhea,Butterfield
Karoline,Terry
Sanford,Jacks
Monty,Trout
Kit,Lawson
Lecia,Soule
Gia,Click
Lean,Yancey
Chandra,Piazza
Renaldo,Cade
Chuck,Khan
Millard,Corona
Rosario,Lamar
Tama,Whitman
Edison,Lehmann
Carson,Gilliam
Iola,Mcallister
Aurore,Hinojosa
Collin,Redden
Evelina,Wyant
Jarrod,Roy
Kurt,Woodley
Bernie,Browder
Lexie,Blaylock
Clotilde,Hubbard
Renato,Choi
Julio,Bradley
Dale,Wright
Steven,Beebe
Normand,Shapiro
Miquel,Ontiveros
Reynalda,Scott
Nova,Blackburn
Robena,Chambliss
Ilse,Forney
Korey,Naquin
Coy,Chow
Johnny,Reinhart
Tory,Fortin
Shameka,Nolen
Jaye,Malloy
Antwan,Ulmer
Mack,Rose
Andrea,Vernon
Venus,Heckman
Deshawn,Olson
Babette,Forman
Maura,Robison
Halley,Shade
Prince,Hickson
Christian,Lovell
Darla,Devine
Leland,Peebles
Dusti,Pogue
Malcolm,Holmes
John,Messenger
King,Perea
Judson,Soper
Eddie,Abraham
Apolonia,Lahr
Jule,Nielsen
Suellen,Bear
Corrine,Churchill
Dewey,Keller
Manual,Downey
Sanjuana,Ashford
Alejandro,Albers
Andy,Mcnamara
Thomas,Stiltner
Tracey,Seymore
Maranda,Clark
Jae,Brockman
Maura,Pinkston
Dionne,Ramirez
Trinidad,Huffman
Pearline,Herrick
Claretta,Batten
Johnson,Hitt
Hai,Land
Brendan,Linares
Katharyn,Jaynes
William,Goodman
Madelaine,Crumpton
Glady,Gillis
Isaias,Matos
Douglass,Carper
Wade,Knowlton
Rhiannon,Thornhill
Jonathan,Clemens
Edie,Fries
Daisey,Marchand
Jamar,Stacy
Tyron,Ginn
George,Welsh
Chantel,Adler
Beau,Salerno
Melania,Ivy
Santo,Suarez
Ola,Pearce
Gerda,Marlow
Frederick,Heaton
Alec,Dobson
Alyce,Ellsworth
Fletcher,Musser
Elvie,Olivo
Vina,Sturgill
Efren,Worthington
Madge,Samuel
Rosario,Gaddis
Bernardina,Roberge
Rowena,Costello
Terrie,Wray
Damon,Addison
Kenyatta,Hurst
Tamiko,Almanza
Gita,Lam
Sheila,Hurd
Sharee,Pilcher
Scotty,Reyes
Shayne,Delatorre
Darrell,Albertson
Jae,Sebastian
Jesenia,Nye
Dennis,Noel
Laura,Bullock
Roy,Chalmers
Dorothea,Benefield
Jerald,Foreman
Paulina,Ames
Leonia,Rider
Eugene,Camp
Levi,Slater
Lizeth,Carson
Cecil,Billups
Keshia,Mcmanus
Larue,Stover
Raymon,Bridges
Conrad,Weiss
Gilda,Speed
Mira,Burchfield
Prince,Connelly
Cordell,Travers
Rocio,Dew
Mauricio,Greiner
Alex,Vanover
Jorge,Sellars
Ruben,Croft
Jose,Delarosa
Junie,Westmoreland
Rory,Joseph
Ann,Watt
Adina,Rendon
Darrell,Caswell
Mallie,Avery
Eileen,Sands
Leopoldo,Krauss
Sherman,Rockwell
Tatum,Dumont
Lupe,Rivero
Kayce,Fulmer
Alan,Shipley
Lanora,Stclair
Tiffany,Mccarter
Brett,Teel
Dominga,Robins
Owen,Bruner
Olin,Robson
Archie,Newton
Lynette,Hodge
Patrick,Weeks
Jeanna,Fischer
Roy,Perea
Oswaldo,Chase
Johnsie,Connolly
Justin,Duvall
Kattie,Jessup
Nila,Buie
Gerald,Sikes
Claud,Peeler
Jose,Vines
Terence,Haas
Florence,Shores
Stanford,Pike
Maurice,Briones
Vanessa,Grimm
Evelyne,Mcgregor
Kari,Ballou
Osvaldo,Shell
Delmer,Quillen
Alena,Poe
Mina,Springer
Chung,Mckee
Ernesto,Davison
Danny,Currie
Gary,Joseph
Youlanda,Pounds
Doyle,Gilbreath
Hassan,Henry
Karlene,Michaels
Charlie,Hutchens
Ken,Keating
Jess,Jefferies
Oren,Stuart
Patricia,Hannah
Liz,Penrod
Richie,Gentile
Yanira,Hurst
Stanley,Gross
Shannon,Levine
Raul,Kinard
Verena,Novotny
Hisako,Addison
Florentina,Connell
Amy,Hildreth
Virgilio,Pointer
Celinda,Tom
Marchelle,Roberson
Laura,Carder
Abdul,Neely
Alyssa,Browne
Freddy,Simpkins
Effie,Jarvis
Laurene,Vanover
Joi,Springer
Arden,Ledoux
Vena,Robson
Melinda,Rawlings
Tomas,Godwin
Kerry,Shipman
Merrilee,Price
Meryl,Shelley
Hugo,Engel
Gussie,Marcotte
Avery,Cothran
Johnson,Silvers
Alton,Krug
Hilaria,Burton
Ezra,Butts
Ruth,Mattox
Wendell,Barnhart
Jasmine,Holman
Celestina,Lerma
Benito,Croft
Jayson,Soule
Gilberto,Orr
Murray,Finch
Marlena,Hare
Chi,Askew
Marcelino,Counts
Dave,Doss
Reyes,Vasquez
Moshe,Beckham
Salvador,Varner
Mitsuko,Mccarty
Romana,Meier
Scottie,Tijerina
Lael,Pace
Ellie,Turner
Leroy,Grant
Margarito,Fletcher
Gigi,Fenwick
Rene,Freed
Jannet,Aaron
Jolie,Meeks
Elmer,Corrigan
Donita,Morey
Gavin,Lunn
Michale,Huffman
Salvatore,Lind
Glady,Dix
Selma,Spillman
Marilyn,Cho
Jarvis,Cloud
Traci,Kincaid
Cesar,Manley
Frederick,Cleary
Olinda,Palma
Darnell,Beale
Man,Varela
Lorette,Dickey
Chelsey,Abreu
Tyler,Clanton
Ninfa,Pryor
Nathanial,Royal
Maricela,Fortner
Rogelio,Parkinson
Abraham,Mcmichael
Kimberli,Battle
Gerri,Childs
Lynnette,Callender
Mara,Mcmillan
Lauran,Worthington
Dante,Sallee
Jimmie,Ingraham
Wilbur,Pollard
Waldo,Mcghee
Jeffrey,Thomsen
Erasmo,Mortensen
Les,Schumacher
Arlen,Hanson
Tricia,Bernard
Lorinda,Willingham
Gretchen,Locklear
Felisha,Dasilva
Hans,Ness
Lashaunda,Broome
Martina,Mccullough
Moises,Webber
Arnoldo,Goulet
Kai,Galvin
Amee,Maloney
See,Espinoza
Laurinda,Matson
Vanetta,Horne
Laverne,Leclair
Marlys,Chung
Guillermo,Callahan
Long,Mcgill
Jaimee,Obrien
Walton,Yancey
Andre,Morrissey
Santiago,Hays
Ervin,Elston
Paul,Smalley
Melodie,Lock
Holley,Clem
Rebekah,Cason
Adrian,Bryan
Sal,Penny
Chandra,Newby
Arielle,Pedigo
Adelina,Rivard
Constance,Sherrill
Clifton,Damon
Minh,Stoker
Ruthann,Blum
Jamaal,Spain
Len,Gage
Hilda,Schmidt
Arianne,Tobin
Valrie,Mccurry
Donya,Vue
Jeanine,Rivas
Patrick,Council
Alejandro,Mcgehee
Juliette,Sauer
Lida,Valdez
Bobby,Kent
Glinda,Dobson
Dania,Duarte
Libby,Carmack
Del,Capps
Eun,Massie
Alfonzo,Mckee
Adolph,Mast
Mose,Glaser
Anderson,Dunning
Emilio,Homan
Virgina,Steed
Danae,Kraus
Cleveland,Bedard
Catalina,Sanborn
Verlene,Gruber
Shad,Cross
Tyler,Childers
Kevin,Cockrell
Lionel,Ivey
Tyisha,Cothran
Blaine,Aldrich
Pedro,Clanton
James,Limon
Georgann,Roman
Daryl,Elliott
Pamela,Flanagan
Rich,Francisco
Felipe,Mendenhall
Wilmer,Blum
Edmund,Mccaskill
Alvera,Ennis
Andre,Melvin
Eric,Ford
Andrew,Ivey
Jada,Bishop
Joselyn,Crain
Rodney,Rollins
Dallas,Ferrer
Emerald,Hatcher
Abdul,Campos
Librada,Moe
Les,Chisholm
Yuko,Shore
Marquita,Kenney
Emily,Stoker
Debera,Weaver
Kenyatta,Mickens
Lourie,Lavoie
Rodger,Fain
Sal,Maple
Genaro,Summerlin
Constance,Rohde
Brock,Quillen
Denver,Steed
Cedrick,Glass
Chanelle,Burchfield
Laurence,Elder
Shaniqua,Putman
Kum,Parkinson
Laronda,Strunk
Erasmo,Trinidad
Kirsten,Fisher
Efrain,Geary
Lovella,Penrod
Scarlet,Cleary
Jonelle,Stallworth
Bryant,Sager
Josphine,Judd
Sybil,Bogan
Terrie,Jobe
Arlie,Haag
Andres,Bechtel
Jacinta,Bagley
Elease,Dietrich
Stewart,Guajardo
Genevie,Roberts
Joesph,Teel
Carroll,Spurgeon
Lavona,Oquendo
Alonzo,Najera
Maximo,Merrell
Fabian,Duckworth
Eliseo,Weston
Berna,Ragland
Lynette,Sommer
Rudolph,Rincon
Robena,Murphy
Rigoberto,Belanger
Christa,Casillas
Aimee,Grier
Bruno,Boyd
Jerome,Pleasant
Kendra,Coon
Wyatt,Reeves
Tiffaney,Hoskins
Kendall,Brand
Nannette,Bolen
Broderick,Fabian
Christy,Reese
Lucrecia,Terry
Bennett,Click
Mariana,Huffman
Virgina,Hardaway
Chery,Wing
Tinisha,Runyan
Margene,Pedigo
Chanda,Griffith
Fumiko,Upton
Kirstie,Pritchett
Son,Rich
Emerson,Olvera
Chad,Keel
Julieta,Armstrong
Sidney,Brito
Natosha,Broderick
Rick,Pennell
Carl,Lemus
Darren,Lavender
Andrew,Arthur
Gene,Simons
Mary,Flynn
Ezekiel,Walters
Malcom,Chism
Jenice,Gil
Jerry,Cooksey
Wally,Amundson
Emerson,Romo
Cruz,Galarza
Dovie,Munger
Kacey,Bustamante
Pamella,Akin
Catherin,Serrano
Romelia,Downs
Georgetta,Wells
Ward,Elliott
Justin,Scholl
Amado,Cameron
Lurline,Christianson
Krysta,Paredes
Shu,Medrano
Jimmie,Wentz
Amos,Ashworth
Charles,Adamson
Rae,Hatchett
Chrystal,Zimmerman
Lonny,Kovach
Dayna,Addison
Herbert,Heinrich
Caitlyn,Glaze
Wilbert,Kim
Ray,Poston
Robby,Spooner
Jamel,Hawkins
Mario,Arnold
Kymberly,Ornelas
Josh,Moseley
Hugh,Golding
Arlie,Clancy
Larry,Buss
Marvin,Sadler
Florida,Horne
Maximo,Voigt
Kina,Hudgens
Elfreda,Mcwilliams
Keenan,Calloway
Luigi,Maurer
Delmy,Oden
Kaye,Hawk
Vance,Dubois
Loralee,Gracia
Ava,Boatright
Harlan,Ellsworth
Thomasina,Tisdale
Cindie,Weldon
Johnson,Gamboa
Jessenia,Nixon
Jesus,Bright
Heriberto,Hamrick
Tracey,Walston
Kristel,Roby
Greg,Kaplan
Dusty,Ness
Diann,Rivers
Oscar,Rawlins
Adria,Fagan
Brendon,Oconner
Heriberto,Temple
Bernard,Lord
Ina,Meadows
Aldo,Fields
Soila,Whittaker
Zackary,Sorensen
German,Duff
Arturo,Muir
Long,Reitz
Vernetta,Laird
Ollie,Lebron
Drema,Bowen
Kelvin,Mcclary
Christian,Schaefer
Merlyn,Rubin
Zulma,Barnett
Kenneth,Windsor
Gerry,Ivy
Nikia,Lockwood
Ginny,Mccrary
Lamar,Maupin
Elbert,Cazares
Corrine,Busch
Noreen,Squires
Jackelyn,Staton
Lupe,Edmondson
Colin,Ledford
Donnie,Lowell
Elbert,Pederson
Darrell,Cothran
Azzie,Butcher
Anna,Rau
Kai,Smoot
Gertrudis,Vergara
Kristofer,Bradley
Rosario,Dougherty
Harley,Orta
Kimberley,Teeter
Andrea,Mahaffey
Katlyn,Tatum
Maryland,Brantley
Jerrod,Dugas
Glennie,Siegel
Gudrun,Preston
Erminia,Crook
Lynn,Lindquist
Madelaine,Do
Lili,Greiner
Patrica,Kirkland
Norah,Madigan
Daphine,Way
Bradford,Rand
Alesia,Tong
Quinton,Vest
Hettie,Conger
Theressa,Holly
Ellsworth,Richter
Jolie,Nixon
Kelley,Somers
Marlene,Vaughn
Heriberto,Polanco
Glen,Lowery
Stephnie,Haller
Young,Penny
Robin,Mears
Leanora,Curtis
Jamar,Lutz
Dominic,Garner
Liana,Kidd
Dusty,Womack
Barney,Peek
Lecia,Gault
Lesli,Velez
Armand,Kingsley
Allan,Hinojosa
Frances,Mark
Dee,Williamson
Refugio,Mosby
Arcelia,Harless
Kristal,Gilchrist
Coreen,Settles
Tawna,Leake
Hollis,Asbury
Lorie,Crabtree
Gala,Stuckey
Marcellus,Tate
Connie,Harness
Zoraida,Sanchez
Dimple,Ahmad
Buster,Parrott
Domenic,Hindman
Sean,Nevarez
Georgiann,Meeks
Ruby,Mcinnis
Abdul,Bradford
Laurinda,Jobe
Don,Beatty
Winford,Burr
Wilfred,Palacios
Suzette,Crooks
Wanetta,Stark
Mary,Whittle
Belva,Mesa
Wilhelmina,Yazzie
Phebe,Ahmad
Cecille,Forman
Keri,Stuckey
Minerva,Duke
Giovanni,Dion
Maya,Bittner
Delmer,Maxey
Domingo,Mclemore
Rocio,Colburn
Andres,Battles
Courtney,Fitts
Augustine,Medlock
Fidelia,Price
Tod,Crayton
Gustavo,Fielder
Zada,See
Missy,Laney
Nisha,Conrad
Orlando,Olivares
Thea,Hardesty
Walter,Thomason
Normand,Harr
Bryan,Burks
Saul,Mcmanus
Maryanne,Wynn
Sallie,Trammell
Del,Nelms
Cassaundra,Cranford
Brandon,Sander
Pearly,Root
Neva,Moseley
Jesenia,Rivard
Jay,Creed
Hoyt,Fernandez
Fidel,Sager
Kyoko,Collier
Mia,Calhoun
Lisbeth,Morse
Rosario,Whittle
Vincenzo,Sibley
Sidney,Farrar
Aleshia,Portillo
Angel,Copeland
Elroy,Benavidez
Mikki,Brittain
Filiberto,Carrion
Pearl,Jeffrey
Otto,Spaulding
Ronny,Aiello
Ellis,Barrientos
Kristine,Lord
Malorie,Wilt
Devin,Cockrell
Marco,Magnuson
Petra,Britt
Christopher,Cochran
Sachiko,Rice
Elias,Loomis
Timmy,Brunner
Gordon,Alderman
Miguelina,Michaels
Dominick,Seitz
Erna,Helm
Mariette,Kirkland
Caitlin,Flanders
Jamal,Cress
Caren,Dowdell
Micheline,Corbin
Dino,Stroud
Raymon,Cambell
Stacy,Ayers
Lucy,Mathews
Maegan,Angulo
Blake,Cecil
Rachal,Neely
Florencio,Tilley
Jamel,Lattimore
Kristyn,Scales
Marielle,Donato
Paulita,Kaplan
Frida,Gatewood
Ashley,Crespo
Wm,Harlan
Kandace,Berger
Micheal,Dagostino
Marceline,Freese
Chong,Cooley
Richard,Gamez
Alyson,Larsen
Tomiko,Griffiths
Kyoko,Tribble
Tyrone,Daughtry
Bradly,Delatorre
Clark,Bauman
Lanette,Paige
Alice,Runyon
Mose,Cuevas
Lanell,Newman
Junior,Coker
Cyril,Kolb
Tyra,Nutter
Jacinto,Samuels
Patria,Travis
Hollis,Shipman
Audrey,Gilliam
Luanna,Estevez
Eldon,Wilke
Moises,Esparza
Easter,Chapman
Ed,Lawhorn
Waylon,Reeve
Garnet,Bass
Andrea,Rupert
Max,Sherrod
Keeley,Grace
Moses,Oliveira
Paul,Jorgensen
Man,Shirley
Alejandro,Gaston
Diana,Coleman
Rosalyn,Fitzsimmons
Justine,Rosser
Ramona,Marion
Avril,Gracia
Kendrick,Ellington
Alyse,Burger
Jeanice,Winfrey
Aurelia,Barrios
Kimberli,Foley
Candis,Saddler
Andrea,Cain
Isreal,Park
Hosea,Gilbreath
Walton,Snodgrass
Johana,Burrow
Asuncion,Roddy
Antonia,Mcewen
Delicia,Hamm
Modesto,Tubbs
Keith,Workman
Shelby,Rosario
Thurman,Dykes
Susana,Mcewen
Sadye,Yarbrough
Blaine,Liu
Rachell,Donnell
Man,Whitlow
Hermine,Weller
Aubrey,Trout
Ernest,Keyser
Filomena,Pitt
Retta,Schultz
Van,Parson
Veta,Whitmire
Rex,Packer
Jackeline,Ivey
Dorian,Laws
Enrique,Pollock
Marco,Chaney
Percy,Herndon
Rickie,Bock
Mohamed,Gooch
Heather,Love
Irena,Clanton
Numbers,Franco
Irish,Salcido
Lucas,Gaston
Billy,Swenson
Calista,Eskridge
Cliff,Tanner
Winnifred,Gonsalves
Robert,Espinoza
Rex,Guerrero
Howard,Cleveland
Hal,Houck
Briana,Hogan
Boyce,Hutcheson
Alena,Dagostino
Otto,Bethea
Alane,Bowling
Caroyln,Bloom
Annie,Witherspoon
Hai,Moses
Harlan,Hobbs
Cordell,Elmore
Adell,Schmitt
Terrell,Leahy
Reiko,Chen
Harrison,Glover
Alberto,Arndt
Avril,Seaman
Loyd,Mowery
Daniel,Bright
Olene,Kurtz
Bret,Rodrigue
Rosario,Hayward
Oleta,Lopes
Edmund,Sherwood
Daphine,Fortner
Martha,Munger
Domingo,French
Freddy,Allred
Randee,Amaya
Arica,Oquendo
Deeann,Stuckey
Kasey,Benedict
Michael,Justice
Galen,Grace
Cari,Michel
Russell,Carder
Alfonso,Pressley
Monte,Landry
Felipe,Harkins
Noble,Neuman
Joycelyn,Francis
Walton,Danielson
Dorian,Baines
Miriam,Sebastian
Cierra,Albertson
Kathe,Acker
Elfrieda,Keys
Hiram,Burleson
Tyree,Baylor
Tuyet,Milligan
Zackary,Gonzales
Shanta,Cardenas
Willard,Spellman
Maryann,Coker
Willie,Porterfield
Amado,Barksdale
Shelby,Badger
Rodger,Redmond
Vincent,Switzer
Joi,Beaudoin
Lieselotte,Loya
Kandi,Silvia
Gilberto,Ammons
Carey,Stallings
Denese,Lundgren
Terica,Lindsey
Corrie,Roper
Eloise,Sandoval
Vern,Dabbs
Shannon,Brock
Jerrold,Petersen
Jarrod,Harrell
Dexter,Wyman
Tyree,Emerson
Toi,Sloan
Tyisha,Osorio
Dian,Montes
Rosalba,Brantley
Colby,Kiefer
Freida,Starks
Jenee,Grove
Maile,Durham
Carmine,Runyon
Pia,Longo
Jasper,Rickard
Kaitlyn,Bradford
Jonie,Seitz
Troy,Dumas
Lou,Schiller
Tyra,Knudson
Todd,Collazo
Deandra,Stidham
Eric,Isaacson
Jarrett,Yanez
Karine,Pearson
Damion,Travis
Mario,Vanburen
Homer,Christian
Claude,Yang
Stanford,Madsen
Casey,Bickford
Abraham,Barker
Magdalene,Jenson
Hayden,Null
Eugene,Redman
Lonnie,Vincent
Brett,Guerin
Jamison,Robson
Jerri,Dean
Lucio,Blalock
Basilia,Zaragoza
Nan,Porter
Vernon,Mcgough
Dillon,Pettway
Ivy,Snyder
Wilbur,Legg
Shelia,Chang
Edwardo,Nail
Tyler,Hammond
Roderick,Sandoval
Santos,Childs
Edda,Johnston
Lizette,Sanborn
Marcene,Lincoln
Clarence,Rickard
Luciano,Glenn
Romeo,Ridgeway
Brenton,Prince
Elwood,Norton
Davis,Labbe
Gerald,Conrad
Floyd,Ashcraft
Yadira,Mcqueen
Rodrigo,Henry
Jude,Bigelow
Joelle,Denton
Jerald,Ochoa
Roy,Deberry
Willy,Hickey
Claretha,Paxton
Rosena,Strand
Minh,Settles
Setsuko,Solano
Denver,Evans
Andria,Soileau
Vanetta,Eaton
Stan,Weinberg
Bennett,Flournoy
Eugenia,Danielson
Nan,Doll
Murray,Hamilton
Randolph,Duncan
Corrie,Mcinnis
Gerry,Looney
Hoyt,Boisvert
Elma,Pierre
Valerie,Elkins
Tanesha,Brownlee
Denyse,Pennington
Alma,Peachey
Hung,Berube
Minh,Escamilla
Doug,Tremblay
Willie,Tracy
Arlinda,Newell
Maria,Novotny
Madie,Gilliam
Esta,Caron
Dedra,Matthew
Lamar,Callahan
Gino,Burchett
Teofila,Escobar
Collin,Kunkel
Leonore,Mcswain
Debby,Chapa
Sherman,Kohler
Theressa,Bonds
Minh,Gay
Trudi,Willey
Dorathy,Lopez
Meghann,Chambliss
Claire,Rhoads
Leilani,John
Marc,Dowdy
Rhett,Banda
Markus,Aldridge
Eloy,Burrow
Malika,Mcdaniel
Lonny,Desjardins
Stefany,Tribble
Saturnina,Cintron
Tracey,Thacker
Yuette,Sigler
Alan,Baber
Huong,Shepard
Frederica,Hull
Noriko,Bartlett
Yolando,Stillwell
Sybil,Quarles
Raina,Ornelas
Eunice,Hickson
Andre,Walls
Leif,Hankins
Chasity,Keeney
Gabriel,Mathias
Daryl,Judkins
Freida,Hyde
Amos,Gallant
Sigrid,Swartz
Sanda,Schwarz
Bradford,Maxwell
Matilda,Plunkett
Kathlyn,Matson
Jay,Blanton
Austin,Arevalo
Antonetta,Mcmullen
Shane,Knoll
Josue,Singh
Mercedez,Bader
Alfred,Mackenzie
Lindsey,Teel
Jerry,Dollar
Vita,Woodworth
Zane,Marquardt
Heath,Lake
Johnathan,Dobbs
Cythia,Keck
Jonas,Stevens
Douglas,Crutchfield
Pasquale,Elrod
Geraldo,Ferreira
Micah,Autry
Courtney,Ramos
Sherron,Matlock
Elwood,Clarkson
Vernetta,Kaye
Bethann,Waldrop
Michel,Masters
Weston,Kang
Richie,Rains
Byron,Hodgson
Karena,Chapin
Scott,Hampton
Clementine,Melancon
Sharri,Hatley
Zora,Maupin
Jamie,Wilmoth
Nella,Brock
Billy,Branham
Neville,Humes
Virgil,Potts
Lemuel,Tobin
Maybelle,Kenyon
Joaquina,Garnett
Jerilyn,Sapp
Cynthia,Beattie
Christy,Sams
Zenobia,Mccloud
Lucretia,Cazares
Devin,Breen
Trinidad,Diggs
Shella,Santana
Merri,Aquino
Ramon,Anglin
Darin,Lilly
Dollie,Paine
Tiara,Elliott
Zackary,Oneal
Irma,Carnes
Madie,Haddad
Lasonya,Rucker
Else,Mcmillen
Elinor,Krug
Eugenio,Rodgers
Carri,Mancini
Philip,Hassell
Edmond,Peeples
Sirena,Irwin
Lilly,Novotny
Huey,Ethridge
Zachery,Arriaga
Numbers,Hand
Taren,Cash
Iliana,Salgado
Ellan,Fraley
Neta,Copeland
Arnoldo,Brand
Sandy,Chestnut
Han,Engel
Ammie,Marcus
Theo,Hampton
Brooks,Wicker
Lael,Petrie
Kate,Pickard
Pete,Storm
Fritz,Fortney
Andrew,Bruns
Edmond,Brogan
Alonzo,Hass
Machelle,Judd
Stewart,Knapp
Arturo,Shumaker
Cedric,Mcmanus
Carmine,Mcfarland
Loren,Howerton
Weldon,Hatcher
Luna,Cathey
Rodger,Haag
Luvenia,Grice
Joan,Wilburn
Adrian,Soares
Betsy,Rohde
Tyron,Coombs
Ahmed,Starks
Fred,Couch
Eleanore,Douglas
Yoko,Sandoval
Clemente,Swartz
Jackie,Toler
Hershel,Luciano
Emely,Hubbard
Chauncey,Fullerton
Tammi,Willingham
Loan,Burchfield
Ninfa,Schubert
Exie,Fiore
Antonio,Bauman
Minerva,Baca
Maud,Butts
Chad,Justus
Deandre,Hinkle
Phillip,Sylvester
Hollis,Roe
Wyatt,Smyth
Nicolette,Poulin
Shari,Cantrell
Arletta,Matheny
Christiane,Buford
Maybell,Atchison
Florida,Flournoy
Paul,Samuel
Farah,Chester
Sydney,Monaco
Kurt,Deloach
Gaynelle,Mccormack
Kendrick,Mora
Carmela,Grooms
Ofelia,Medeiros
Neomi,Rosenbaum
Antione,Collier
Randell,Lawson
Jeffery,Fiore
Yevette,Clawson
Jc,Hendricks
Leilani,Eddy
Earl,Wertz
Awilda,Schaeffer
Moises,Eagle
Tien,Yamamoto
Danica,Adame
Carroll,Walls
Vida,Joseph
Starr,Browder
Stephania,Burnside
Boris,Schafer
Darron,Rincon
Aaron,Laplante
Amee,Grider
Amber,Whipple
Damaris,Christenson
Racquel,Sawyers
Fausto,Iverson
Leanora,Sinclair
Cher,Rankin
Rosalina,Houck
Autumn,Mullis
Lorenzo,Houston
Lanell,Mccurdy
Ferdinand,Weis
Alexandria,Wooley
Marshall,Alfaro
Gaynelle,Pfeiffer
Jennine,Egan
Fernande,Oliveira
Noemi,Regan
Vinita,Chaves
Chantel,Newell
Franklin,Zamora
Anibal,Loera
Katharina,Knudsen
Dewitt,Blair
Maren,Dugan
Mariella,Burdick
Sherwood,Vandiver
Sharonda,Rash
Dick,Cochran
Napoleon,Danforth
Lenard,Yoder
Lashonda,Hubert
Carole,Kingsley
Melynda,Ferreira
Ricky,Ferraro
Gary,Cambell
Molly,Withrow
Delma,Gower
Shawn,Freitas
Sterling,Goldberg
Von,Volz
Caron,Hoang
Ivette,Carlos
Isaiah,Benson
Reina,France
Mozell,Feldman
Kimberlee,Westfall
Diego,Whitt
Charlott,Ness
Bernie,Knowles
Daniel,Jung
Arlie,Otto
Miquel,Segal
Clement,Huddleston
Genny,Baxter
Silva,Neel
Lonna,Mccarter
Clayton,Irvin
Nancy,Seiler
Larhonda,Miner
Fallon,Landis
Seymour,Torrence
Jamila,Box
Cortez,Easter
Florance,Richie
Kandice,Thacker
Sirena,Dobbs
Noah,Grier
Walker,Robledo
Maurita,Solis
Ivory,Withrow
Regenia,Murphy
Markita,Duarte
Dallas,Mcqueen
Hugo,Joiner
Shelton,Mcclintock
Norbert,Treadwell
Fletcher,Dejesus
Vance,Villanueva
Kathrin,Rose
Spencer,Danforth
Alfreda,Emerson
Lucille,Culpepper
Ayesha,Marquez
Dee,Oden
Faustino,Hackney
Joey,Burrell
Romeo,Goodwin
Tressa,Brinson
Roberto,Harter
Brittni,Cyr
Gerald,Beaudry
Emilee,Emery
Larhonda,Dozier